{"stats":{"minecraft:picked_up":{"minecraft:crafting_table":2,"minecraft:stick":6,"minecraft:apple":2,"minecraft:wooden_pickaxe":1,"minecraft:oak_log":38,"minecraft:spruce_sapling":1,"minecraft:oak_sapling":28,"minecraft:sugar_cane":3,"minecraft:cobblestone":35},"minecraft:custom":{"minecraft:time_since_rest":5897,"minecraft:crouch_one_cm":3,"minecraft:play_time":5897,"minecraft:sprint_one_cm":11877,"minecraft:walk_one_cm":13921,"minecraft:walk_under_water_one_cm":272,"minecraft:sneak_time":45,"minecraft:jump":62,"minecraft:damage_dealt":10,"minecraft:walk_on_water_one_cm":3223,"minecraft:time_since_death":5897,"minecraft:total_world_time":5897,"minecraft:fall_one_cm":627,"minecraft:interact_with_crafting_table":5,"minecraft:fly_one_cm":11510},"minecraft:crafted":{"minecraft:oak_planks":152,"minecraft:wooden_shovel":1,"minecraft:crafting_table":1,"minecraft:stick":8,"minecraft:wooden_pickaxe":1,"minecraft:stone_pickaxe":1,"minecraft:wooden_axe":2},"minecraft:used":{"minecraft:oak_log":55,"minecraft:wooden_axe":13,"minecraft:crafting_table":3,"minecraft:stone_pickaxe":25,"minecraft:oak_planks":1,"minecraft:wooden_pickaxe":9},"minecraft:mined":{"minecraft:oak_log":60,"minecraft:stone":34,"minecraft:sugar_cane":1,"minecraft:oak_leaves":2,"minecraft:crafting_table":2},"minecraft:broken":{"minecraft:wooden_axe":1}},"DataVersion":2730}