{"stats":{"minecraft:broken":{"minecraft:iron_shovel":1,"vanillaplustools:iron_hammer":1,"vanillaplustools:stone_hammer":1,"minecraft:stone_axe":1,"minecraft:wooden_axe":1},"minecraft:crafted":{"minecraft:oak_planks":152,"minecraft:smooth_stone":3,"vanillaplustools:stone_hammer":1,"minecraft:cooked_chicken":6,"minecraft:furnace":1,"minecraft:blast_furnace":1,"minecraft:stone":6,"minecraft:bone_meal":6,"minecraft:cooked_mutton":6,"vanillaplustools:iron_hammer":1,"minecraft:iron_boots":1,"minecraft:iron_axe":1,"minecraft:stone_pickaxe":10,"minecraft:chest":5,"minecraft:wooden_shovel":1,"minecraft:cooked_porkchop":23,"minecraft:crafting_table":4,"minecraft:wooden_pickaxe":1,"minecraft:iron_helmet":1,"minecraft:iron_sword":1,"minecraft:bucket":2,"minecraft:stone_axe":1,"minecraft:air":0,"minecraft:iron_chestplate":1,"minecraft:shield":1,"minecraft:white_dye":6,"minecraft:stick":60,"minecraft:iron_ingot":100,"minecraft:iron_pickaxe":9,"minecraft:wooden_axe":2,"minecraft:iron_shovel":2,"minecraft:iron_leggings":1,"minecraft:white_bed":1,"minecraft:torch":24},"minecraft:mined":{"minecraft:tuff":19,"minecraft:white_bed":3,"minecraft:deepslate_diamond_ore":6,"minecraft:granite":119,"minecraft:grass_block":10,"minecraft:sandstone":8,"minecraft:redstone_ore":6,"minecraft:furnace":4,"minecraft:iron_ore":102,"minecraft:andesite":51,"minecraft:deepslate_lapis_ore":1,"minecraft:dirt_path":6,"minecraft:stone":2326,"minecraft:deepslate_redstone_ore":2,"minecraft:dandelion":4,"minecraft:crafting_table":5,"minecraft:torch":7,"minecraft:copper_ore":16,"minecraft:tall_grass":1,"minecraft:cobblestone":8,"minecraft:lapis_ore":1,"minecraft:deepslate_gold_ore":8,"minecraft:sugar_cane":1,"minecraft:oak_planks":4,"minecraft:diorite":75,"minecraft:wall_torch":8,"minecraft:grass":1,"minecraft:oak_log":60,"minecraft:coal_ore":79,"minecraft:dirt":416,"minecraft:cobweb":6,"minecraft:gold_ore":6,"minecraft:oak_leaves":2,"minecraft:deepslate":488,"minecraft:infested_stone":2},"minecraft:used":{"minecraft:iron_shovel":404,"minecraft:chest":5,"minecraft:shield":1,"minecraft:iron_sword":33,"vanillaplustools:stone_hammer":131,"minecraft:cooked_chicken":6,"minecraft:torch":38,"minecraft:wooden_axe":13,"minecraft:lava_bucket":37,"minecraft:iron_axe":24,"minecraft:iron_helmet":1,"minecraft:beef":3,"minecraft:furnace":4,"minecraft:iron_leggings":1,"minecraft:cooked_mutton":6,"minecraft:diorite":12,"minecraft:stone_pickaxe":107,"minecraft:oak_planks":12,"minecraft:wooden_pickaxe":9,"minecraft:crafting_table":9,"minecraft:white_bed":4,"minecraft:oak_log":55,"minecraft:apple":2,"minecraft:iron_pickaxe":134,"minecraft:stone_axe":70,"minecraft:cobblestone":175,"vanillaplustools:iron_hammer":250,"minecraft:cooked_porkchop":11,"minecraft:porkchop":1,"minecraft:bucket":39},"minecraft:picked_up":{"minecraft:wooden_axe":8,"minecraft:crafting_table":5,"minecraft:chicken":6,"minecraft:wooden_pickaxe":16,"minecraft:string":7,"minecraft:raw_copper":31,"minecraft:cobbled_deepslate":171,"minecraft:beef":6,"minecraft:sugar_cane":3,"minecraft:furnace":4,"minecraft:raw_iron":122,"minecraft:stick":12,"minecraft:torch":25,"minecraft:porkchop":39,"minecraft:diorite":21,"minecraft:arrow":6,"minecraft:rotten_flesh":7,"minecraft:mutton":12,"minecraft:white_wool":4,"minecraft:cobblestone":1027,"minecraft:feather":6,"minecraft:andesite":2,"minecraft:leather":4,"minecraft:oak_log":38,"minecraft:dirt":421,"minecraft:bone":4,"minecraft:apple":2,"minecraft:raw_gold":14,"minecraft:iron_ingot":21,"minecraft:oak_planks":4,"minecraft:dandelion":4,"minecraft:spruce_sapling":1,"minecraft:white_bed":3,"minecraft:spider_eye":1,"minecraft:diamond":6,"minecraft:granite":59,"minecraft:oak_sapling":28,"minecraft:coal":253},"minecraft:custom":{"minecraft:mob_kills":55,"minecraft:interact_with_crafting_table":52,"minecraft:leave_game":2,"minecraft:time_since_death":29071,"minecraft:climb_one_cm":241,"minecraft:sprint_one_cm":315662,"minecraft:walk_one_cm":332198,"minecraft:damage_blocked_by_shield":40,"minecraft:drop":56,"minecraft:talked_to_villager":1,"minecraft:play_time":124485,"minecraft:deaths":1,"minecraft:sneak_time":1625,"minecraft:walk_under_water_one_cm":17472,"minecraft:boat_one_cm":114400,"minecraft:jump":1812,"minecraft:interact_with_blast_furnace":2,"minecraft:walk_on_water_one_cm":35960,"minecraft:total_world_time":124485,"minecraft:interact_with_furnace":71,"minecraft:sleep_in_bed":6,"minecraft:time_since_rest":1555,"minecraft:damage_taken":1736,"minecraft:damage_dealt":6715,"minecraft:swim_one_cm":3473,"minecraft:fly_one_cm":335156,"minecraft:open_chest":20,"minecraft:crouch_one_cm":4593,"minecraft:fall_one_cm":34221},"minecraft:killed":{"minecraft:spider":2,"minecraft:skeleton":8,"minecraft:chicken":6,"minecraft:silverfish":1,"minecraft:pig":13,"minecraft:zombie_villager":1,"minecraft:creeper":1,"minecraft:sheep":4,"minecraft:goat":1,"minecraft:zombie":10,"minecraft:cow":8},"minecraft:dropped":{"minecraft:cooked_porkchop":6,"minecraft:cobblestone":184,"minecraft:stick":7,"minecraft:diorite":2,"minecraft:mutton":2,"minecraft:wooden_axe":8,"minecraft:string":1,"minecraft:white_wool":1,"minecraft:dandelion":4,"minecraft:cobbled_deepslate":171,"minecraft:raw_iron":39,"minecraft:rotten_flesh":1,"minecraft:spider_eye":1,"minecraft:arrow":3,"minecraft:wooden_pickaxe":15,"minecraft:beef":3}},"DataVersion":2730}