{"stats":{"minecraft:broken":{"minecraft:iron_shovel":1,"vanillaplustools:iron_hammer":1,"minecraft:iron_boots":1,"minecraft:stone_axe":1,"minecraft:wooden_axe":1,"vanillaplustools:stone_hammer":1,"minecraft:iron_axe":1,"minecraft:iron_helmet":1},"minecraft:picked_up":{"minecraft:wooden_axe":8,"minecraft:music_disc_strad":1,"minecraft:iron_chestplate":1,"minecraft:wither_rose":70,"minecraft:brewing_stand":2,"ava:regular_pistol_magazine":1,"minecraft:golden_sword":1,"minecraft:string":14,"minecraft:raw_copper":31,"minecraft:cobbled_deepslate":207,"minecraft:furnace":4,"ava:mk18_kuyo_mon":1,"minecraft:stick":36,"minecraft:oak_fence":7,"minecraft:torch":75,"minecraft:porkchop":62,"minecraft:diorite":32,"advancednetherite:netherite_diamond_helmet":1,"minecraft:rotten_flesh":66,"minecraft:music_disc_wait":1,"minecraft:obsidian":16,"minecraft:cobblestone":1551,"minecraft:feather":33,"minecraft:andesite":74,"minecraft:flint":5,"advancednetherite:netherite_diamond_boots":2,"minecraft:lapis_lazuli":40,"minecraft:dirt":781,"minecraft:bone":66,"minecraft:bow":1,"minecraft:wheat_seeds":9,"minecraft:raw_gold":19,"advancednetherite:netherite_diamond_chestplate":2,"minecraft:grindstone":1,"minecraft:fletching_table":4,"minecraft:oak_planks":78,"minecraft:music_disc_13":1,"advancednetherite:netherite_diamond_leggings":2,"minecraft:ink_sac":42,"minecraft:grass_block":5,"minecraft:mossy_cobblestone":3,"minecraft:diamond":6,"minecraft:spruce_boat":2,"minecraft:granite":79,"ava:beretta_92fs_barbatos":3,"minecraft:chorus_fruit":49,"minecraft:oak_sapling":62,"ava:sr_2m_veresk_sumire":2,"minecraft:netherrack":42,"minecraft:nether_star":3,"minecraft:crafting_table":7,"minecraft:chicken":45,"minecraft:wooden_pickaxe":16,"ava:gm94_grenade":18,"minecraft:blackstone":11,"minecraft:beef":29,"minecraft:oak_boat":13,"minecraft:poppy":4,"minecraft:sugar_cane":3,"minecraft:egg":51,"minecraft:raw_iron":154,"minecraft:end_stone":37,"ava:gm94":1,"minecraft:arrow":53,"minecraft:nether_bricks":3,"minecraft:hay_block":57,"minecraft:totem_of_undying":1,"minecraft:white_wool":10,"minecraft:mutton":23,"minecraft:rail":1,"ava:gun_crafting_table":2,"minecraft:basalt":76,"minecraft:glow_ink_sac":30,"minecraft:leather":14,"minecraft:oak_log":136,"minecraft:yellow_bed":7,"minecraft:gunpowder":29,"minecraft:apple":10,"minecraft:oak_fence_gate":2,"minecraft:iron_ingot":42,"minecraft:stripped_oak_wood":1,"ava:small_sub_machinegun_magazine":64,"minecraft:music_disc_chirp":1,"minecraft:oak_slab":3,"ava:regular_sub_machinegun_magazine":1,"minecraft:quartz":2,"minecraft:dandelion":13,"minecraft:gravel":78,"minecraft:spruce_sapling":1,"minecraft:white_bed":11,"minecraft:dragon_egg":1,"minecraft:spider_eye":2,"minecraft:iron_helmet":1,"minecraft:coal":268,"minecraft:shulker_shell":3,"minecraft:ender_pearl":73},"minecraft:custom":{"minecraft:interact_with_crafting_table":92,"minecraft:bell_ring":7,"minecraft:leave_game":5,"minecraft:time_since_death":31860,"minecraft:damage_resisted":314,"minecraft:sprint_one_cm":870186,"minecraft:damage_blocked_by_shield":760,"minecraft:drop":444,"minecraft:talked_to_villager":21,"minecraft:play_time":373758,"minecraft:deaths":11,"minecraft:jump":6224,"minecraft:walk_on_water_one_cm":54708,"minecraft:interact_with_furnace":93,"minecraft:sleep_in_bed":14,"minecraft:damage_dealt":76025,"minecraft:player_kills":34,"minecraft:crouch_one_cm":11674,"minecraft:mob_kills":294,"minecraft:climb_one_cm":2577,"minecraft:walk_one_cm":979322,"minecraft:sneak_time":5110,"minecraft:walk_under_water_one_cm":20096,"minecraft:boat_one_cm":343040,"minecraft:interact_with_blast_furnace":2,"minecraft:total_world_time":373758,"minecraft:time_since_rest":31900,"minecraft:damage_taken":21005,"minecraft:damage_absorbed":557,"minecraft:swim_one_cm":5375,"minecraft:fly_one_cm":2006333,"minecraft:open_chest":107,"minecraft:fall_one_cm":124503},"minecraft:killed_by":{"minecraft:wither_skeleton":2,"minecraft:magma_cube":1,"minecraft:blaze":2,"minecraft:player":2,"minecraft:iron_golem":1},"minecraft:killed":{"minecraft:cave_spider":1,"minecraft:zombified_piglin":9,"minecraft:witch":1,"minecraft:spider":12,"minecraft:shulker":5,"minecraft:skeleton":31,"minecraft:fox":18,"minecraft:chicken":10,"minecraft:axolotl":1,"minecraft:silverfish":1,"minecraft:magma_cube":3,"minecraft:pig":20,"minecraft:zombie_villager":1,"minecraft:iron_golem":4,"minecraft:creeper":23,"minecraft:sheep":5,"minecraft:pillager":2,"minecraft:goat":1,"minecraft:zombie":30,"minecraft:cow":14,"minecraft:blaze":3,"minecraft:horse":5,"minecraft:bat":14,"minecraft:squid":7,"minecraft:wither_skeleton":3,"minecraft:villager":2,"minecraft:enderman":59},"minecraft:crafted":{"minecraft:oak_planks":220,"minecraft:smooth_stone":3,"minecraft:cooked_chicken":12,"minecraft:stone":6,"minecraft:cooked_mutton":6,"vanillaplustools:iron_hammer":1,"minecraft:iron_boots":3,"minecraft:chest":15,"ava:gun_crafting_table":1,"minecraft:oak_slab":6,"minecraft:wooden_shovel":1,"minecraft:cooked_porkchop":32,"minecraft:crafting_table":8,"minecraft:wooden_pickaxe":1,"minecraft:iron_helmet":3,"minecraft:fletching_table":2,"minecraft:iron_chestplate":3,"minecraft:diamond_pickaxe":1,"minecraft:shield":1,"minecraft:stick":108,"minecraft:iron_ingot":158,"minecraft:iron_pickaxe":9,"vanillaplustools:stone_hammer":1,"minecraft:furnace":1,"minecraft:blast_furnace":1,"minecraft:bone_meal":6,"minecraft:flint_and_steel":1,"minecraft:iron_axe":1,"minecraft:iron_hoe":1,"minecraft:stone_pickaxe":10,"minecraft:wheat":513,"minecraft:cooked_beef":13,"simplybackpacks:commonbackpack":2,"minecraft:iron_sword":2,"minecraft:bucket":2,"minecraft:stone_axe":1,"minecraft:bread":171,"minecraft:air":0,"minecraft:oak_fence_gate":5,"minecraft:oak_boat":1,"minecraft:white_dye":6,"minecraft:wooden_axe":2,"minecraft:iron_shovel":3,"minecraft:iron_leggings":3,"minecraft:white_bed":1,"minecraft:torch":24},"minecraft:mined":{"minecraft:white_bed":10,"minecraft:brewing_stand":2,"minecraft:obsidian":10,"minecraft:granite":141,"minecraft:grass_block":66,"minecraft:iron_ore":104,"minecraft:fire":91,"minecraft:fletching_table":4,"minecraft:deepslate_lapis_ore":1,"minecraft:dirt_path":13,"minecraft:deepslate_redstone_ore":2,"minecraft:blackstone":7,"minecraft:torch":11,"minecraft:cobblestone":29,"minecraft:sugar_cane":1,"minecraft:grindstone":1,"minecraft:oak_planks":5,"minecraft:wall_torch":12,"minecraft:grass":7,"minecraft:oak_log":158,"minecraft:oak_fence_gate":2,"minecraft:dirt":548,"minecraft:netherrack":44,"minecraft:oak_leaves":2,"minecraft:deepslate":513,"minecraft:tuff":19,"minecraft:deepslate_diamond_ore":6,"minecraft:nether_bricks":2,"minecraft:spruce_leaves":12,"minecraft:sandstone":8,"minecraft:hay_block":57,"minecraft:redstone_ore":6,"minecraft:furnace":4,"minecraft:andesite":111,"minecraft:deepslate_iron_ore":2,"minecraft:stone":2846,"minecraft:oak_slab":2,"minecraft:basalt":83,"minecraft:dandelion":4,"minecraft:oak_fence":2,"minecraft:crafting_table":6,"minecraft:tall_grass":2,"minecraft:copper_ore":16,"minecraft:lapis_ore":7,"minecraft:deepslate_gold_ore":8,"minecraft:diorite":88,"bno:netheriron_ore":28,"minecraft:yellow_bed":5,"minecraft:coal_ore":85,"bno:nethercoal_ore":11,"minecraft:gravel":83,"minecraft:cobweb":7,"ava:gun_crafting_table":2,"minecraft:gold_ore":11,"minecraft:infested_stone":2},"minecraft:used":{"advancednetherite:netherite_diamond_sword":12,"minecraft:iron_shovel":472,"minecraft:chest":9,"minecraft:shield":31,"minecraft:iron_sword":217,"minecraft:soul_sand":89,"minecraft:nether_bricks":3,"minecraft:axolotl_bucket":5,"minecraft:obsidian":10,"minecraft:spruce_boat":2,"minecraft:lava_bucket":90,"ava:controller":2,"advancednetherite:netherite_diamond_chestplate":1,"minecraft:iron_helmet":1,"minecraft:bedrock":40,"minecraft:furnace":4,"minecraft:egg":2,"minecraft:potato":1,"ava:gun_crafting_table":4,"minecraft:diorite":12,"minecraft:wither_skeleton_skull":28,"minecraft:chorus_fruit":1,"minecraft:stone_pickaxe":107,"minecraft:oak_planks":25,"minecraft:ender_pearl":16,"minecraft:wooden_pickaxe":9,"advancednetherite:netherite_diamond_boots":1,"minecraft:bread":60,"minecraft:gravel":77,"minecraft:oak_boat":13,"minecraft:flint_and_steel":3,"vanillaplustools:stone_hammer":131,"advancednetherite:netherite_diamond_helmet":1,"minecraft:cooked_chicken":6,"ava:explosive_barrel":3,"minecraft:torch":49,"minecraft:dirt":111,"advancednetherite:netherite_diamond_leggings":1,"minecraft:oak_fence_gate":7,"minecraft:iron_hoe":115,"minecraft:wooden_axe":13,"minecraft:iron_axe":119,"minecraft:totem_of_undying":1,"minecraft:basalt":15,"minecraft:beef":3,"minecraft:cooked_beef":1,"minecraft:cobbled_deepslate":11,"minecraft:enchanted_golden_apple":10,"minecraft:light_gray_bed":1,"minecraft:iron_leggings":1,"minecraft:cooked_mutton":6,"minecraft:water_bucket":2,"minecraft:fletching_table":6,"minecraft:oak_slab":4,"minecraft:crafting_table":13,"minecraft:white_bed":9,"minecraft:oak_log":139,"minecraft:ender_eye":12,"minecraft:diamond_pickaxe":393,"minecraft:apple":2,"minecraft:iron_pickaxe":146,"minecraft:stone_axe":70,"minecraft:cobblestone":452,"minecraft:end_crystal":50,"vanillaplustools:iron_hammer":250,"minecraft:cooked_porkchop":21,"minecraft:porkchop":1,"minecraft:bucket":99,"minecraft:yellow_bed":7,"minecraft:end_portal_frame":13},"minecraft:dropped":{"minecraft:iron_sword":1,"minecraft:soul_sand":64,"ava:small_sniper_magazine":192,"minecraft:cooked_beef":12,"minecraft:chorus_fruit":4,"ava:fg42_dreamcatcher":1,"minecraft:ender_pearl":1,"minecraft:cooked_porkchop":6,"ava:m4a1_sumire":1,"minecraft:elytra":3,"ava:gm94":2,"ava:x95r_aube":2,"ava:mosin_nagant_sumire":4,"minecraft:mutton":2,"ava:m202":1,"ava:regular_sniper_magazine":133,"minecraft:iron_pickaxe":1,"ava:nrf_standard_trousers":2,"minecraft:white_wool":1,"ava:mk18_air_warfare":2,"ava:gm94_grenade":64,"minecraft:cooked_chicken":6,"minecraft:cobbled_deepslate":171,"ava:small_sub_machinegun_magazine":128,"minecraft:rotten_flesh":2,"minecraft:enchanted_golden_apple":196,"advancednetherite:netherite_diamond_boots":2,"ava:parachute":1,"ava:small_pistol_magazine":130,"ava:x95r":1,"ava:m16_vn_frost_snow":1,"ava:regular_pistol_magazine":192,"ava:ammo_kit_ii":1,"ava:nrf_standard_kevlar":1,"minecraft:arrow":3,"minecraft:beef":3,"minecraft:firework_rocket":192,"ava:eu_standard_helmet":2,"minecraft:iron_ingot":3,"minecraft:bread":29,"minecraft:wheat_seeds":1,"minecraft:oak_fence":2,"minecraft:iron_helmet":2,"minecraft:cobblestone":184,"ava:sniper_ammo":192,"ava:eu_standard_kevlar":1,"ava:sr_2m_veresk_sumire":3,"simplybackpacks:commonbackpack":1,"minecraft:stick":23,"ava:small_rifle_magazine":192,"minecraft:diorite":2,"minecraft:torch":1,"ava:nrf_standard_helmet":1,"ava:pistol_ammo":192,"minecraft:wooden_axe":8,"advancednetherite:netherite_diamond_leggings":2,"minecraft:iron_leggings":2,"ava:regular_sub_machinegun_magazine":166,"ava:mp5k_frost":1,"minecraft:string":1,"minecraft:dandelion":4,"ava:python357_gold":1,"ava:m4a1_xplorer":2,"ava:beretta_92fs_barbatos":5,"ava:ammo_kit":1,"minecraft:raw_iron":39,"minecraft:chicken":1,"ava:mk18_kuyo_mon":1,"minecraft:iron_boots":1,"advancednetherite:netherite_diamond_helmet":1,"ava:remington870_dreamcatcher":2,"ava:mosin_nagant_sports":1,"ava:ak12_unit_01":1,"minecraft:flint_and_steel":1,"ava:eu_standard_trousers":1,"ava:sg556_black_widow":2,"ava:eu_standard_boots":1,"ava:nrf_standard_boots":2,"ava:m202_rocket":80,"advancednetherite:netherite_diamond_chestplate":2,"minecraft:iron_chestplate":2,"minecraft:spider_eye":1,"minecraft:wooden_pickaxe":15,"ava:regular_rifle_magazine":192,"ava:shotgun_ammo":187}},"DataVersion":2730}