{"stats":{"minecraft:broken":{"minecraft:iron_shovel":1,"vanillaplustools:iron_hammer":1,"vanillaplustools:stone_hammer":1,"minecraft:stone_axe":1,"minecraft:wooden_axe":1},"minecraft:picked_up":{"minecraft:wooden_axe":8,"minecraft:crafting_table":6,"minecraft:chicken":6,"minecraft:wooden_pickaxe":16,"minecraft:string":7,"minecraft:raw_copper":31,"minecraft:cobbled_deepslate":171,"minecraft:beef":9,"minecraft:oak_boat":4,"minecraft:sugar_cane":3,"minecraft:furnace":4,"minecraft:raw_iron":122,"minecraft:stick":12,"minecraft:oak_fence":2,"minecraft:torch":26,"minecraft:porkchop":39,"minecraft:diorite":21,"minecraft:arrow":6,"minecraft:rotten_flesh":8,"minecraft:mutton":12,"minecraft:white_wool":4,"minecraft:cobblestone":1038,"minecraft:feather":6,"minecraft:andesite":2,"minecraft:leather":5,"minecraft:flint":4,"minecraft:oak_log":38,"minecraft:yellow_bed":1,"minecraft:dirt":433,"minecraft:bone":4,"minecraft:apple":2,"minecraft:wheat_seeds":1,"minecraft:raw_gold":14,"minecraft:oak_fence_gate":2,"minecraft:iron_ingot":21,"minecraft:fletching_table":2,"minecraft:oak_planks":68,"minecraft:oak_slab":2,"minecraft:dandelion":4,"minecraft:gravel":62,"minecraft:spruce_sapling":1,"minecraft:white_bed":8,"minecraft:spider_eye":1,"minecraft:diamond":6,"minecraft:spruce_boat":2,"minecraft:granite":59,"minecraft:oak_sapling":28,"minecraft:coal":253},"minecraft:custom":{"minecraft:mob_kills":58,"minecraft:interact_with_crafting_table":62,"minecraft:leave_game":2,"minecraft:time_since_death":46974,"minecraft:climb_one_cm":381,"minecraft:sprint_one_cm":353803,"minecraft:walk_one_cm":386926,"minecraft:damage_blocked_by_shield":40,"minecraft:drop":60,"minecraft:talked_to_villager":9,"minecraft:play_time":142388,"minecraft:deaths":1,"minecraft:sneak_time":1716,"minecraft:walk_under_water_one_cm":17472,"minecraft:boat_one_cm":261523,"minecraft:jump":2115,"minecraft:interact_with_blast_furnace":2,"minecraft:walk_on_water_one_cm":38251,"minecraft:total_world_time":142388,"minecraft:interact_with_furnace":73,"minecraft:sleep_in_bed":7,"minecraft:time_since_rest":5117,"minecraft:damage_taken":2015,"minecraft:damage_dealt":7185,"minecraft:swim_one_cm":3473,"minecraft:fly_one_cm":393465,"minecraft:open_chest":28,"minecraft:crouch_one_cm":4918,"minecraft:fall_one_cm":38229},"minecraft:killed":{"minecraft:witch":1,"minecraft:spider":2,"minecraft:skeleton":8,"minecraft:chicken":6,"minecraft:silverfish":1,"minecraft:pig":13,"minecraft:zombie_villager":1,"minecraft:creeper":1,"minecraft:sheep":4,"minecraft:goat":1,"minecraft:zombie":10,"minecraft:villager":1,"minecraft:cow":9},"minecraft:crafted":{"minecraft:oak_planks":152,"minecraft:smooth_stone":3,"vanillaplustools:stone_hammer":1,"minecraft:cooked_chicken":6,"minecraft:furnace":1,"minecraft:blast_furnace":1,"minecraft:stone":6,"minecraft:bone_meal":6,"minecraft:cooked_mutton":6,"vanillaplustools:iron_hammer":1,"minecraft:iron_boots":1,"minecraft:iron_axe":1,"minecraft:iron_hoe":1,"minecraft:stone_pickaxe":10,"minecraft:chest":5,"minecraft:cooked_beef":4,"minecraft:oak_slab":6,"minecraft:wooden_shovel":1,"minecraft:cooked_porkchop":23,"minecraft:crafting_table":4,"minecraft:wooden_pickaxe":1,"minecraft:iron_helmet":1,"minecraft:iron_sword":1,"minecraft:fletching_table":2,"minecraft:bucket":2,"minecraft:stone_axe":1,"minecraft:air":0,"minecraft:oak_fence_gate":3,"minecraft:oak_boat":1,"minecraft:iron_chestplate":1,"minecraft:shield":1,"minecraft:white_dye":6,"minecraft:stick":72,"minecraft:iron_ingot":100,"minecraft:iron_pickaxe":9,"minecraft:wooden_axe":2,"minecraft:iron_shovel":3,"minecraft:iron_leggings":1,"minecraft:white_bed":1,"minecraft:torch":24},"minecraft:used":{"minecraft:iron_shovel":464,"minecraft:chest":5,"minecraft:shield":1,"minecraft:iron_sword":33,"vanillaplustools:stone_hammer":131,"minecraft:cooked_chicken":6,"minecraft:torch":39,"minecraft:dirt":4,"minecraft:axolotl_bucket":1,"minecraft:oak_fence_gate":5,"minecraft:spruce_boat":2,"minecraft:iron_hoe":43,"minecraft:wooden_axe":13,"minecraft:lava_bucket":40,"minecraft:iron_axe":48,"minecraft:iron_helmet":1,"minecraft:beef":3,"minecraft:furnace":4,"minecraft:iron_leggings":1,"minecraft:cooked_mutton":6,"minecraft:diorite":12,"minecraft:stone_pickaxe":107,"minecraft:oak_planks":12,"minecraft:wooden_pickaxe":9,"minecraft:fletching_table":2,"minecraft:oak_slab":4,"minecraft:crafting_table":10,"minecraft:white_bed":9,"minecraft:oak_log":55,"minecraft:apple":2,"minecraft:iron_pickaxe":146,"minecraft:gravel":62,"minecraft:stone_axe":70,"minecraft:cobblestone":179,"vanillaplustools:iron_hammer":250,"minecraft:cooked_porkchop":15,"minecraft:porkchop":1,"minecraft:bucket":43,"minecraft:yellow_bed":1,"minecraft:oak_boat":4},"minecraft:mined":{"minecraft:tuff":19,"minecraft:white_bed":8,"minecraft:deepslate_diamond_ore":6,"minecraft:granite":119,"minecraft:grass_block":15,"minecraft:sandstone":8,"minecraft:redstone_ore":6,"minecraft:furnace":4,"minecraft:iron_ore":102,"minecraft:fire":10,"minecraft:andesite":51,"minecraft:fletching_table":2,"minecraft:deepslate_lapis_ore":1,"minecraft:dirt_path":8,"minecraft:stone":2331,"minecraft:deepslate_redstone_ore":2,"minecraft:oak_slab":2,"minecraft:dandelion":4,"minecraft:oak_fence":2,"minecraft:crafting_table":5,"minecraft:torch":7,"minecraft:tall_grass":2,"minecraft:copper_ore":16,"minecraft:cobblestone":15,"minecraft:lapis_ore":1,"minecraft:deepslate_gold_ore":8,"minecraft:sugar_cane":1,"minecraft:oak_planks":4,"minecraft:diorite":75,"minecraft:wall_torch":8,"minecraft:yellow_bed":1,"minecraft:grass":4,"minecraft:oak_log":60,"minecraft:coal_ore":79,"minecraft:oak_fence_gate":2,"minecraft:gravel":66,"minecraft:dirt":420,"minecraft:cobweb":6,"minecraft:gold_ore":6,"minecraft:oak_leaves":2,"minecraft:deepslate":488,"minecraft:infested_stone":2},"minecraft:dropped":{"minecraft:wheat_seeds":1,"minecraft:cooked_porkchop":6,"minecraft:oak_fence":2,"minecraft:cobblestone":184,"minecraft:stick":7,"minecraft:diorite":2,"minecraft:mutton":2,"minecraft:wooden_axe":8,"minecraft:string":1,"minecraft:white_wool":1,"minecraft:dandelion":4,"minecraft:cobbled_deepslate":171,"minecraft:raw_iron":39,"minecraft:rotten_flesh":2,"minecraft:spider_eye":1,"minecraft:arrow":3,"minecraft:wooden_pickaxe":15,"minecraft:beef":3}},"DataVersion":2730}