{"stats":{"minecraft:custom":{"minecraft:interact_with_furnace":47,"minecraft:mob_kills":32,"minecraft:interact_with_crafting_table":29,"minecraft:time_since_death":41897,"minecraft:sleep_in_bed":1,"minecraft:climb_one_cm":241,"minecraft:time_since_rest":5971,"minecraft:sprint_one_cm":114835,"minecraft:damage_taken":519,"minecraft:walk_one_cm":100470,"minecraft:damage_blocked_by_shield":40,"minecraft:drop":31,"minecraft:damage_dealt":3187,"minecraft:fly_one_cm":131353,"minecraft:open_chest":11,"minecraft:crouch_one_cm":341,"minecraft:play_time":41897,"minecraft:sneak_time":189,"minecraft:walk_under_water_one_cm":724,"minecraft:boat_one_cm":100582,"minecraft:jump":753,"minecraft:walk_on_water_one_cm":7366,"minecraft:total_world_time":41897,"minecraft:fall_one_cm":14545},"minecraft:picked_up":{"minecraft:wooden_axe":8,"minecraft:crafting_table":5,"minecraft:feather":6,"minecraft:chicken":6,"minecraft:andesite":2,"minecraft:leather":2,"minecraft:wooden_pickaxe":16,"minecraft:oak_log":38,"minecraft:raw_copper":25,"minecraft:bone":2,"minecraft:apple":2,"minecraft:iron_ingot":15,"minecraft:beef":5,"minecraft:sugar_cane":3,"minecraft:oak_planks":4,"minecraft:furnace":2,"minecraft:stick":6,"minecraft:raw_iron":42,"minecraft:torch":10,"minecraft:dandelion":4,"minecraft:porkchop":28,"minecraft:spruce_sapling":1,"minecraft:diorite":16,"minecraft:white_bed":1,"minecraft:spider_eye":1,"minecraft:arrow":6,"minecraft:granite":55,"minecraft:oak_sapling":28,"minecraft:mutton":10,"minecraft:coal":140,"minecraft:white_wool":4,"minecraft:cobblestone":718},"minecraft:crafted":{"minecraft:oak_planks":152,"minecraft:wooden_shovel":1,"vanillaplustools:stone_hammer":1,"minecraft:crafting_table":1,"minecraft:wooden_pickaxe":1,"minecraft:iron_helmet":1,"minecraft:cooked_chicken":6,"minecraft:furnace":1,"minecraft:stone_axe":1,"minecraft:cooked_mutton":6,"minecraft:air":0,"vanillaplustools:iron_hammer":1,"minecraft:iron_boots":1,"minecraft:iron_chestplate":1,"minecraft:shield":1,"minecraft:stick":48,"minecraft:iron_ingot":61,"minecraft:iron_pickaxe":9,"minecraft:stone_pickaxe":10,"minecraft:wooden_axe":2,"minecraft:chest":2,"minecraft:iron_leggings":1,"minecraft:white_bed":1,"minecraft:torch":8},"minecraft:used":{"minecraft:cooked_mutton":3,"minecraft:diorite":12,"minecraft:stone_pickaxe":92,"minecraft:oak_planks":12,"minecraft:shield":1,"minecraft:chest":2,"minecraft:wooden_pickaxe":9,"vanillaplustools:stone_hammer":83,"minecraft:cooked_chicken":6,"minecraft:torch":16,"minecraft:crafting_table":5,"minecraft:white_bed":1,"minecraft:oak_log":55,"minecraft:wooden_axe":13,"minecraft:apple":2,"minecraft:iron_helmet":1,"minecraft:stone_axe":62,"minecraft:cobblestone":3,"minecraft:beef":3,"vanillaplustools:iron_hammer":13,"minecraft:furnace":2,"minecraft:porkchop":1,"minecraft:iron_leggings":1},"minecraft:mined":{"minecraft:white_bed":1,"minecraft:dandelion":4,"minecraft:crafting_table":5,"minecraft:torch":4,"minecraft:granite":55,"minecraft:copper_ore":9,"minecraft:sugar_cane":1,"minecraft:oak_planks":4,"minecraft:diorite":14,"minecraft:wall_torch":5,"minecraft:furnace":2,"minecraft:iron_ore":42,"minecraft:andesite":2,"minecraft:grass":1,"minecraft:coal_ore":55,"minecraft:oak_log":60,"minecraft:stone":731,"minecraft:oak_leaves":2,"minecraft:infested_stone":2},"minecraft:broken":{"minecraft:wooden_axe":1},"minecraft:dropped":{"minecraft:cobblestone":32,"minecraft:diorite":2,"minecraft:wooden_axe":8,"minecraft:spider_eye":1,"minecraft:arrow":3,"minecraft:wooden_pickaxe":15,"minecraft:white_wool":1,"minecraft:dandelion":4},"minecraft:killed":{"minecraft:pig":12,"minecraft:spider":1,"minecraft:sheep":4,"minecraft:skeleton":2,"minecraft:goat":1,"minecraft:zombie":2,"minecraft:chicken":6,"minecraft:silverfish":1,"minecraft:cow":3}},"DataVersion":2730}