{"stats":{"minecraft:picked_up":{"minecraft:raw_iron":11,"minecraft:stick":11,"minecraft:crafting_table":2,"minecraft:cooked_porkchop":1,"minecraft:torch":1,"minecraft:oak_log":62,"minecraft:diorite":6,"minecraft:apple":1,"minecraft:mossy_stone_bricks":2,"minecraft:oak_sapling":24,"minecraft:coal":20,"minecraft:egg":2,"minecraft:cobblestone":50,"minecraft:furnace":1},"minecraft:custom":{"minecraft:time_since_rest":99,"minecraft:sprint_one_cm":49138,"minecraft:interact_with_furnace":4,"minecraft:damage_taken":380,"minecraft:walk_one_cm":19599,"minecraft:interact_with_crafting_table":3,"minecraft:fly_one_cm":51979,"minecraft:open_chest":1,"minecraft:play_time":9412,"minecraft:deaths":1,"minecraft:jump":195,"minecraft:leave_game":2,"minecraft:time_since_death":49,"minecraft:walk_on_water_one_cm":536,"minecraft:total_world_time":9412,"minecraft:fall_one_cm":8254},"minecraft:crafted":{"minecraft:oak_planks":248,"vanillaplustools:stone_hammer":1,"minecraft:cooked_porkchop":6,"minecraft:crafting_table":2,"minecraft:stick":16,"minecraft:wooden_pickaxe":1,"minecraft:stone_pickaxe":9,"minecraft:wooden_axe":1,"minecraft:torch":4,"minecraft:air":0},"minecraft:used":{"minecraft:oak_log":57,"minecraft:wooden_axe":13,"minecraft:wooden_pickaxe":28,"vanillaplustools:stone_hammer":6,"minecraft:torch":1,"minecraft:crafting_table":3,"minecraft:cooked_porkchop":2,"minecraft:egg":2},"minecraft:mined":{"minecraft:furnace":1,"minecraft:iron_ore":11,"minecraft:birch_leaves":1,"minecraft:crafting_table":2,"minecraft:grass":2,"minecraft:oak_log":62,"minecraft:stone":51,"minecraft:mossy_stone_bricks":2,"minecraft:diorite":7,"minecraft:oak_leaves":3,"minecraft:wall_torch":1},"minecraft:broken":{"minecraft:wooden_axe":1},"minecraft:killed_by":{"minecraft:skeleton":1}},"DataVersion":2730}