{"stats":{"minecraft:custom":{"minecraft:interact_with_furnace":57,"minecraft:mob_kills":38,"minecraft:interact_with_crafting_table":39,"minecraft:time_since_death":65897,"minecraft:sleep_in_bed":1,"minecraft:climb_one_cm":241,"minecraft:time_since_rest":29971,"minecraft:sprint_one_cm":163551,"minecraft:damage_taken":935,"minecraft:walk_one_cm":143601,"minecraft:damage_blocked_by_shield":40,"minecraft:drop":46,"minecraft:damage_dealt":4229,"minecraft:fly_one_cm":181330,"minecraft:open_chest":12,"minecraft:crouch_one_cm":2248,"minecraft:play_time":65897,"minecraft:sneak_time":763,"minecraft:walk_under_water_one_cm":5415,"minecraft:boat_one_cm":114400,"minecraft:jump":1031,"minecraft:walk_on_water_one_cm":17246,"minecraft:total_world_time":65897,"minecraft:fall_one_cm":21902},"minecraft:picked_up":{"minecraft:wooden_axe":8,"minecraft:crafting_table":5,"minecraft:feather":6,"minecraft:chicken":6,"minecraft:andesite":2,"minecraft:leather":2,"minecraft:wooden_pickaxe":16,"minecraft:oak_log":38,"minecraft:string":7,"minecraft:raw_copper":31,"minecraft:bone":4,"minecraft:apple":2,"minecraft:iron_ingot":21,"minecraft:beef":5,"minecraft:sugar_cane":3,"minecraft:oak_planks":4,"minecraft:furnace":3,"minecraft:stick":10,"minecraft:raw_iron":120,"minecraft:torch":13,"minecraft:dandelion":4,"minecraft:porkchop":39,"minecraft:spruce_sapling":1,"minecraft:diorite":16,"minecraft:white_bed":1,"minecraft:spider_eye":1,"minecraft:arrow":6,"minecraft:granite":55,"minecraft:oak_sapling":28,"minecraft:mutton":12,"minecraft:coal":218,"minecraft:white_wool":4,"minecraft:cobblestone":786},"minecraft:crafted":{"minecraft:oak_planks":152,"minecraft:wooden_shovel":1,"vanillaplustools:stone_hammer":1,"minecraft:cooked_porkchop":23,"minecraft:crafting_table":1,"minecraft:wooden_pickaxe":1,"minecraft:iron_helmet":1,"minecraft:cooked_chicken":6,"minecraft:iron_sword":1,"minecraft:furnace":1,"minecraft:bone_meal":6,"minecraft:stone_axe":1,"minecraft:cooked_mutton":6,"minecraft:air":0,"vanillaplustools:iron_hammer":1,"minecraft:iron_boots":1,"minecraft:iron_chestplate":1,"minecraft:shield":1,"minecraft:white_dye":6,"minecraft:iron_axe":1,"minecraft:stick":52,"minecraft:iron_ingot":61,"minecraft:iron_pickaxe":9,"minecraft:stone_pickaxe":10,"minecraft:wooden_axe":2,"minecraft:chest":3,"minecraft:iron_leggings":1,"minecraft:white_bed":1,"minecraft:torch":8},"minecraft:used":{"minecraft:cooked_mutton":6,"minecraft:diorite":12,"minecraft:stone_pickaxe":107,"minecraft:oak_planks":12,"minecraft:shield":1,"minecraft:chest":3,"minecraft:wooden_pickaxe":9,"minecraft:iron_sword":10,"vanillaplustools:stone_hammer":83,"minecraft:cooked_chicken":6,"minecraft:torch":21,"minecraft:crafting_table":6,"minecraft:white_bed":1,"minecraft:oak_log":55,"minecraft:wooden_axe":13,"minecraft:apple":2,"minecraft:iron_axe":2,"minecraft:iron_pickaxe":9,"minecraft:iron_helmet":1,"minecraft:stone_axe":70,"minecraft:cobblestone":47,"minecraft:beef":3,"vanillaplustools:iron_hammer":81,"minecraft:cooked_porkchop":2,"minecraft:furnace":4,"minecraft:porkchop":1,"minecraft:iron_leggings":1},"minecraft:mined":{"minecraft:white_bed":1,"minecraft:dandelion":4,"minecraft:crafting_table":5,"minecraft:torch":6,"minecraft:granite":65,"minecraft:copper_ore":13,"minecraft:cobblestone":2,"minecraft:sugar_cane":1,"minecraft:oak_planks":4,"minecraft:diorite":17,"minecraft:wall_torch":6,"minecraft:furnace":3,"minecraft:iron_ore":92,"minecraft:andesite":45,"minecraft:grass":1,"minecraft:coal_ore":71,"minecraft:oak_log":60,"minecraft:dirt":1,"minecraft:cobweb":6,"minecraft:stone":1015,"minecraft:deepslate":66,"minecraft:oak_leaves":2,"minecraft:infested_stone":2},"minecraft:broken":{"minecraft:stone_axe":1,"minecraft:wooden_axe":1},"minecraft:dropped":{"minecraft:cooked_porkchop":6,"minecraft:raw_iron":39,"minecraft:cobblestone":32,"minecraft:stick":5,"minecraft:diorite":2,"minecraft:mutton":2,"minecraft:wooden_axe":8,"minecraft:spider_eye":1,"minecraft:arrow":3,"minecraft:beef":2,"minecraft:wooden_pickaxe":15,"minecraft:string":1,"minecraft:white_wool":1,"minecraft:dandelion":4},"minecraft:killed":{"minecraft:pig":12,"minecraft:zombie_villager":1,"minecraft:spider":1,"minecraft:creeper":1,"minecraft:sheep":4,"minecraft:skeleton":3,"minecraft:goat":1,"minecraft:zombie":5,"minecraft:chicken":6,"minecraft:silverfish":1,"minecraft:cow":3}},"DataVersion":2730}