{"stats":{"minecraft:picked_up":{"minecraft:raw_iron":26,"minecraft:stick":6,"minecraft:crafting_table":4,"minecraft:feather":6,"minecraft:chicken":6,"minecraft:andesite":2,"minecraft:leather":2,"minecraft:torch":6,"minecraft:wooden_pickaxe":1,"minecraft:porkchop":5,"minecraft:oak_log":38,"minecraft:spruce_sapling":1,"minecraft:diorite":14,"minecraft:raw_copper":2,"minecraft:bone":2,"minecraft:arrow":1,"minecraft:apple":2,"minecraft:granite":34,"minecraft:beef":3,"minecraft:oak_sapling":28,"minecraft:oak_planks":4,"minecraft:sugar_cane":3,"minecraft:coal":52,"minecraft:cobblestone":524},"minecraft:custom":{"minecraft:time_since_rest":17897,"minecraft:interact_with_furnace":10,"minecraft:sprint_one_cm":50851,"minecraft:damage_taken":330,"minecraft:walk_one_cm":46749,"minecraft:mob_kills":13,"minecraft:drop":1,"minecraft:damage_dealt":1130,"minecraft:interact_with_crafting_table":12,"minecraft:fly_one_cm":48812,"minecraft:crouch_one_cm":231,"minecraft:play_time":17897,"minecraft:sneak_time":138,"minecraft:walk_under_water_one_cm":419,"minecraft:jump":293,"minecraft:time_since_death":17897,"minecraft:walk_on_water_one_cm":4155,"minecraft:climb_one_cm":229,"minecraft:total_world_time":17897,"minecraft:fall_one_cm":5864},"minecraft:crafted":{"minecraft:oak_planks":152,"minecraft:wooden_shovel":1,"vanillaplustools:stone_hammer":1,"minecraft:crafting_table":1,"minecraft:stick":32,"minecraft:cooked_chicken":6,"minecraft:wooden_pickaxe":1,"minecraft:stone_pickaxe":10,"minecraft:wooden_axe":2,"minecraft:torch":8,"minecraft:stone_axe":1,"minecraft:air":0},"minecraft:used":{"minecraft:oak_log":55,"minecraft:wooden_axe":13,"minecraft:apple":2,"minecraft:stone_pickaxe":85,"minecraft:oak_planks":12,"minecraft:wooden_pickaxe":9,"vanillaplustools:stone_hammer":68,"minecraft:cooked_chicken":4,"minecraft:stone_axe":30,"minecraft:torch":10,"minecraft:beef":3,"minecraft:crafting_table":4,"minecraft:porkchop":1},"minecraft:mined":{"minecraft:iron_ore":26,"minecraft:andesite":2,"minecraft:crafting_table":4,"minecraft:torch":2,"minecraft:granite":34,"minecraft:oak_log":60,"minecraft:coal_ore":55,"minecraft:copper_ore":1,"minecraft:diorite":14,"minecraft:stone":533,"minecraft:oak_planks":4,"minecraft:sugar_cane":1,"minecraft:oak_leaves":2,"minecraft:wall_torch":4,"minecraft:infested_stone":2},"minecraft:dropped":{"minecraft:cobblestone":32},"minecraft:broken":{"minecraft:wooden_axe":1},"minecraft:killed":{"minecraft:skeleton":1,"minecraft:zombie":1,"minecraft:pig":2,"minecraft:chicken":6,"minecraft:silverfish":1,"minecraft:cow":2}},"DataVersion":2730}