{"stats":{"minecraft:broken":{"minecraft:iron_shovel":1,"vanillaplustools:iron_hammer":1,"vanillaplustools:stone_hammer":1,"minecraft:iron_axe":1,"minecraft:stone_axe":1,"minecraft:wooden_axe":1},"minecraft:picked_up":{"minecraft:wooden_axe":8,"minecraft:crafting_table":7,"minecraft:chicken":7,"minecraft:wooden_pickaxe":16,"minecraft:brewing_stand":2,"minecraft:string":8,"minecraft:raw_copper":31,"minecraft:cobbled_deepslate":174,"minecraft:beef":12,"minecraft:oak_boat":4,"minecraft:poppy":4,"minecraft:sugar_cane":3,"minecraft:egg":1,"minecraft:furnace":4,"minecraft:raw_iron":123,"minecraft:stick":36,"minecraft:oak_fence":4,"minecraft:torch":34,"minecraft:porkchop":48,"minecraft:diorite":31,"minecraft:arrow":11,"minecraft:rotten_flesh":18,"minecraft:hay_block":57,"minecraft:obsidian":12,"minecraft:mutton":12,"minecraft:rail":1,"minecraft:white_wool":4,"minecraft:cobblestone":1151,"ava:gun_crafting_table":1,"minecraft:feather":6,"minecraft:andesite":5,"minecraft:leather":10,"minecraft:flint":4,"minecraft:oak_log":136,"minecraft:yellow_bed":1,"minecraft:gunpowder":2,"minecraft:lapis_lazuli":40,"minecraft:dirt":434,"minecraft:bone":13,"minecraft:apple":10,"minecraft:wheat_seeds":1,"minecraft:raw_gold":19,"minecraft:oak_fence_gate":2,"minecraft:iron_ingot":34,"minecraft:fletching_table":4,"minecraft:oak_planks":78,"minecraft:oak_slab":2,"minecraft:dandelion":4,"minecraft:gravel":69,"minecraft:spruce_sapling":1,"minecraft:white_bed":8,"minecraft:spider_eye":1,"minecraft:diamond":6,"minecraft:spruce_boat":2,"minecraft:granite":59,"minecraft:oak_sapling":62,"minecraft:coal":253},"minecraft:custom":{"minecraft:mob_kills":90,"minecraft:interact_with_crafting_table":82,"minecraft:bell_ring":7,"minecraft:leave_game":2,"minecraft:time_since_death":53032,"minecraft:climb_one_cm":381,"minecraft:sprint_one_cm":571911,"minecraft:walk_one_cm":559448,"minecraft:damage_blocked_by_shield":40,"minecraft:drop":94,"minecraft:talked_to_villager":20,"minecraft:play_time":208388,"minecraft:deaths":2,"minecraft:sneak_time":3584,"minecraft:walk_under_water_one_cm":18377,"minecraft:boat_one_cm":261523,"minecraft:jump":3489,"minecraft:interact_with_blast_furnace":2,"minecraft:walk_on_water_one_cm":48467,"minecraft:total_world_time":208388,"minecraft:interact_with_furnace":86,"minecraft:sleep_in_bed":9,"minecraft:time_since_rest":43356,"minecraft:damage_taken":3290,"minecraft:damage_dealt":14122,"minecraft:swim_one_cm":3473,"minecraft:fly_one_cm":669004,"minecraft:open_chest":62,"minecraft:crouch_one_cm":8633,"minecraft:fall_one_cm":60324},"minecraft:killed_by":{"minecraft:iron_golem":1},"minecraft:killed":{"minecraft:cave_spider":1,"minecraft:witch":1,"minecraft:spider":2,"minecraft:skeleton":15,"minecraft:chicken":7,"minecraft:silverfish":1,"minecraft:pig":18,"minecraft:zombie_villager":1,"minecraft:iron_golem":3,"minecraft:creeper":3,"minecraft:sheep":4,"minecraft:goat":1,"minecraft:zombie":18,"minecraft:villager":1,"minecraft:enderman":1,"minecraft:cow":11},"minecraft:crafted":{"minecraft:oak_planks":208,"minecraft:smooth_stone":3,"vanillaplustools:stone_hammer":1,"minecraft:cooked_chicken":12,"minecraft:furnace":1,"minecraft:blast_furnace":1,"minecraft:stone":6,"minecraft:bone_meal":6,"minecraft:cooked_mutton":6,"vanillaplustools:iron_hammer":1,"minecraft:iron_boots":2,"minecraft:iron_axe":1,"minecraft:iron_hoe":1,"minecraft:stone_pickaxe":10,"minecraft:chest":9,"ava:gun_crafting_table":1,"minecraft:wheat":513,"minecraft:cooked_beef":13,"minecraft:oak_slab":6,"minecraft:wooden_shovel":1,"minecraft:cooked_porkchop":32,"minecraft:crafting_table":8,"simplybackpacks:commonbackpack":2,"minecraft:wooden_pickaxe":1,"minecraft:iron_helmet":2,"minecraft:iron_sword":2,"minecraft:fletching_table":2,"minecraft:bucket":2,"minecraft:stone_axe":1,"minecraft:bread":171,"minecraft:air":0,"minecraft:oak_fence_gate":3,"minecraft:oak_boat":1,"minecraft:iron_chestplate":2,"minecraft:diamond_pickaxe":1,"minecraft:shield":1,"minecraft:white_dye":6,"minecraft:stick":96,"minecraft:iron_ingot":100,"minecraft:iron_pickaxe":9,"minecraft:wooden_axe":2,"minecraft:iron_shovel":3,"minecraft:iron_leggings":2,"minecraft:white_bed":1,"minecraft:torch":24},"minecraft:used":{"minecraft:iron_shovel":472,"minecraft:chest":7,"minecraft:shield":1,"minecraft:iron_sword":128,"vanillaplustools:stone_hammer":131,"minecraft:cooked_chicken":6,"minecraft:torch":47,"minecraft:dirt":13,"minecraft:axolotl_bucket":5,"minecraft:oak_fence_gate":5,"minecraft:spruce_boat":2,"minecraft:iron_hoe":101,"minecraft:wooden_axe":13,"minecraft:lava_bucket":46,"minecraft:iron_axe":119,"minecraft:iron_helmet":1,"minecraft:beef":3,"minecraft:furnace":4,"minecraft:egg":1,"minecraft:cooked_beef":1,"ava:gun_crafting_table":1,"minecraft:iron_leggings":1,"minecraft:cooked_mutton":6,"minecraft:water_bucket":2,"minecraft:diorite":12,"minecraft:stone_pickaxe":107,"minecraft:oak_planks":25,"minecraft:wooden_pickaxe":9,"minecraft:fletching_table":6,"minecraft:oak_slab":4,"minecraft:crafting_table":13,"minecraft:white_bed":9,"minecraft:oak_log":139,"minecraft:diamond_pickaxe":145,"minecraft:apple":2,"minecraft:bread":22,"minecraft:iron_pickaxe":146,"minecraft:gravel":67,"minecraft:stone_axe":70,"minecraft:cobblestone":305,"vanillaplustools:iron_hammer":250,"minecraft:cooked_porkchop":17,"minecraft:porkchop":1,"minecraft:bucket":55,"minecraft:yellow_bed":1,"minecraft:oak_boat":4},"minecraft:mined":{"minecraft:tuff":19,"minecraft:white_bed":8,"minecraft:deepslate_diamond_ore":6,"minecraft:brewing_stand":2,"minecraft:obsidian":10,"minecraft:granite":119,"minecraft:grass_block":15,"minecraft:sandstone":8,"minecraft:hay_block":57,"minecraft:redstone_ore":6,"minecraft:furnace":4,"minecraft:iron_ore":102,"minecraft:fire":23,"minecraft:andesite":54,"minecraft:fletching_table":4,"minecraft:deepslate_lapis_ore":1,"minecraft:dirt_path":8,"minecraft:stone":2427,"minecraft:deepslate_redstone_ore":2,"minecraft:oak_slab":2,"minecraft:dandelion":4,"minecraft:oak_fence":2,"minecraft:crafting_table":6,"minecraft:torch":11,"minecraft:tall_grass":2,"minecraft:copper_ore":16,"minecraft:cobblestone":25,"minecraft:lapis_ore":7,"minecraft:deepslate_gold_ore":8,"minecraft:sugar_cane":1,"minecraft:oak_planks":5,"minecraft:diorite":85,"minecraft:wall_torch":11,"minecraft:yellow_bed":1,"minecraft:grass":5,"minecraft:oak_log":158,"minecraft:coal_ore":79,"minecraft:oak_fence_gate":2,"minecraft:gravel":73,"minecraft:dirt":420,"minecraft:cobweb":7,"ava:gun_crafting_table":1,"minecraft:gold_ore":11,"minecraft:oak_leaves":2,"minecraft:deepslate":488,"minecraft:infested_stone":2},"minecraft:dropped":{"minecraft:iron_ingot":3,"minecraft:iron_sword":1,"minecraft:wheat_seeds":1,"minecraft:cooked_beef":12,"minecraft:cooked_porkchop":6,"minecraft:oak_fence":2,"minecraft:iron_helmet":1,"minecraft:cobblestone":184,"simplybackpacks:commonbackpack":1,"minecraft:stick":23,"minecraft:diorite":2,"minecraft:mutton":2,"minecraft:wooden_axe":8,"minecraft:iron_leggings":1,"minecraft:iron_pickaxe":1,"minecraft:string":1,"minecraft:white_wool":1,"minecraft:dandelion":4,"minecraft:cooked_chicken":6,"minecraft:cobbled_deepslate":171,"minecraft:raw_iron":39,"minecraft:chicken":1,"minecraft:rotten_flesh":2,"minecraft:iron_boots":1,"minecraft:iron_chestplate":1,"minecraft:spider_eye":1,"minecraft:arrow":3,"minecraft:wooden_pickaxe":15,"minecraft:beef":3}},"DataVersion":2730}