{"stats":{"minecraft:custom":{"minecraft:interact_with_furnace":71,"minecraft:mob_kills":41,"minecraft:interact_with_crafting_table":48,"minecraft:time_since_death":89897,"minecraft:sleep_in_bed":1,"minecraft:climb_one_cm":241,"minecraft:time_since_rest":53971,"minecraft:sprint_one_cm":224941,"minecraft:damage_taken":982,"minecraft:walk_one_cm":204776,"minecraft:damage_blocked_by_shield":40,"minecraft:drop":54,"minecraft:damage_dealt":4669,"minecraft:swim_one_cm":1409,"minecraft:fly_one_cm":201353,"minecraft:open_chest":14,"minecraft:crouch_one_cm":3520,"minecraft:play_time":89897,"minecraft:sneak_time":1157,"minecraft:walk_under_water_one_cm":7955,"minecraft:boat_one_cm":114400,"minecraft:jump":1164,"minecraft:walk_on_water_one_cm":28612,"minecraft:total_world_time":89897,"minecraft:fall_one_cm":23367},"minecraft:picked_up":{"minecraft:wooden_axe":8,"minecraft:crafting_table":5,"minecraft:feather":6,"minecraft:chicken":6,"minecraft:andesite":2,"minecraft:leather":2,"minecraft:wooden_pickaxe":16,"minecraft:oak_log":38,"minecraft:string":7,"minecraft:raw_copper":31,"minecraft:bone":4,"minecraft:apple":2,"minecraft:cobbled_deepslate":171,"minecraft:raw_gold":8,"minecraft:iron_ingot":21,"minecraft:beef":5,"minecraft:sugar_cane":3,"minecraft:oak_planks":4,"minecraft:furnace":4,"minecraft:stick":10,"minecraft:raw_iron":120,"minecraft:torch":13,"minecraft:dandelion":4,"minecraft:porkchop":39,"minecraft:spruce_sapling":1,"minecraft:diorite":16,"minecraft:white_bed":1,"minecraft:spider_eye":1,"minecraft:arrow":6,"minecraft:rotten_flesh":1,"minecraft:diamond":6,"minecraft:granite":55,"minecraft:oak_sapling":28,"minecraft:mutton":12,"minecraft:coal":251,"minecraft:white_wool":4,"minecraft:cobblestone":869},"minecraft:crafted":{"minecraft:smooth_stone":3,"minecraft:oak_planks":152,"minecraft:wooden_shovel":1,"vanillaplustools:stone_hammer":1,"minecraft:cooked_porkchop":23,"minecraft:crafting_table":3,"minecraft:wooden_pickaxe":1,"minecraft:iron_helmet":1,"minecraft:cooked_chicken":6,"minecraft:iron_sword":1,"minecraft:furnace":1,"minecraft:blast_furnace":1,"minecraft:stone":6,"minecraft:bucket":2,"minecraft:bone_meal":6,"minecraft:stone_axe":1,"minecraft:cooked_mutton":6,"minecraft:air":0,"vanillaplustools:iron_hammer":1,"minecraft:iron_boots":1,"minecraft:iron_chestplate":1,"minecraft:shield":1,"minecraft:white_dye":6,"minecraft:iron_axe":1,"minecraft:stick":56,"minecraft:iron_ingot":100,"minecraft:iron_pickaxe":9,"minecraft:stone_pickaxe":10,"minecraft:wooden_axe":2,"minecraft:chest":3,"minecraft:iron_leggings":1,"minecraft:white_bed":1,"minecraft:torch":24},"minecraft:used":{"minecraft:cooked_mutton":6,"minecraft:diorite":12,"minecraft:stone_pickaxe":107,"minecraft:oak_planks":12,"minecraft:shield":1,"minecraft:chest":3,"minecraft:wooden_pickaxe":9,"minecraft:iron_sword":18,"vanillaplustools:stone_hammer":131,"minecraft:cooked_chicken":6,"minecraft:torch":26,"minecraft:crafting_table":8,"minecraft:white_bed":1,"minecraft:oak_log":55,"minecraft:wooden_axe":13,"minecraft:lava_bucket":10,"minecraft:apple":2,"minecraft:iron_axe":2,"minecraft:iron_pickaxe":15,"minecraft:iron_helmet":1,"minecraft:stone_axe":70,"minecraft:cobblestone":107,"minecraft:beef":3,"vanillaplustools:iron_hammer":208,"minecraft:cooked_porkchop":4,"minecraft:furnace":4,"minecraft:porkchop":1,"minecraft:bucket":12,"minecraft:iron_leggings":1},"minecraft:mined":{"minecraft:deepslate_redstone_ore":2,"minecraft:tuff":19,"minecraft:white_bed":1,"minecraft:deepslate_diamond_ore":6,"minecraft:dandelion":4,"minecraft:crafting_table":5,"minecraft:torch":6,"minecraft:granite":110,"minecraft:copper_ore":13,"minecraft:cobblestone":3,"minecraft:lapis_ore":1,"minecraft:deepslate_gold_ore":8,"minecraft:sugar_cane":1,"minecraft:oak_planks":4,"minecraft:diorite":65,"minecraft:wall_torch":7,"minecraft:redstone_ore":6,"minecraft:furnace":4,"minecraft:iron_ore":97,"minecraft:andesite":51,"minecraft:deepslate_lapis_ore":1,"minecraft:grass":1,"minecraft:coal_ore":77,"minecraft:oak_log":60,"minecraft:dirt":10,"minecraft:cobweb":6,"minecraft:stone":1906,"minecraft:deepslate":480,"minecraft:oak_leaves":2,"minecraft:infested_stone":2},"minecraft:broken":{"vanillaplustools:stone_hammer":1,"minecraft:stone_axe":1,"minecraft:wooden_axe":1},"minecraft:dropped":{"minecraft:cobbled_deepslate":171,"minecraft:cooked_porkchop":6,"minecraft:raw_iron":39,"minecraft:rotten_flesh":1,"minecraft:cobblestone":184,"minecraft:stick":5,"minecraft:diorite":2,"minecraft:mutton":2,"minecraft:wooden_axe":8,"minecraft:spider_eye":1,"minecraft:arrow":3,"minecraft:beef":2,"minecraft:wooden_pickaxe":15,"minecraft:string":1,"minecraft:white_wool":1,"minecraft:dandelion":4},"minecraft:killed":{"minecraft:pig":12,"minecraft:zombie_villager":1,"minecraft:spider":2,"minecraft:creeper":1,"minecraft:sheep":4,"minecraft:skeleton":4,"minecraft:goat":1,"minecraft:zombie":6,"minecraft:chicken":6,"minecraft:silverfish":1,"minecraft:cow":3}},"DataVersion":2730}