{"stats":{"minecraft:custom":{"minecraft:interact_with_furnace":52,"minecraft:mob_kills":35,"minecraft:interact_with_crafting_table":29,"minecraft:time_since_death":53897,"minecraft:sleep_in_bed":1,"minecraft:climb_one_cm":241,"minecraft:time_since_rest":17971,"minecraft:sprint_one_cm":146359,"minecraft:damage_taken":877,"minecraft:walk_one_cm":121729,"minecraft:damage_blocked_by_shield":40,"minecraft:drop":38,"minecraft:damage_dealt":3630,"minecraft:fly_one_cm":177463,"minecraft:open_chest":11,"minecraft:crouch_one_cm":1058,"minecraft:play_time":53897,"minecraft:sneak_time":335,"minecraft:walk_under_water_one_cm":724,"minecraft:boat_one_cm":114400,"minecraft:jump":967,"minecraft:walk_on_water_one_cm":8043,"minecraft:total_world_time":53897,"minecraft:fall_one_cm":21157},"minecraft:picked_up":{"minecraft:wooden_axe":8,"minecraft:crafting_table":5,"minecraft:feather":6,"minecraft:chicken":6,"minecraft:andesite":2,"minecraft:leather":2,"minecraft:wooden_pickaxe":16,"minecraft:oak_log":38,"minecraft:raw_copper":31,"minecraft:bone":2,"minecraft:apple":2,"minecraft:iron_ingot":15,"minecraft:beef":5,"minecraft:sugar_cane":3,"minecraft:oak_planks":4,"minecraft:furnace":3,"minecraft:stick":6,"minecraft:raw_iron":58,"minecraft:torch":13,"minecraft:dandelion":4,"minecraft:porkchop":39,"minecraft:spruce_sapling":1,"minecraft:diorite":16,"minecraft:white_bed":1,"minecraft:spider_eye":1,"minecraft:arrow":6,"minecraft:granite":55,"minecraft:oak_sapling":28,"minecraft:mutton":10,"minecraft:coal":209,"minecraft:white_wool":4,"minecraft:cobblestone":765},"minecraft:crafted":{"minecraft:oak_planks":152,"minecraft:wooden_shovel":1,"vanillaplustools:stone_hammer":1,"minecraft:cooked_porkchop":12,"minecraft:crafting_table":1,"minecraft:wooden_pickaxe":1,"minecraft:iron_helmet":1,"minecraft:cooked_chicken":6,"minecraft:furnace":1,"minecraft:stone_axe":1,"minecraft:cooked_mutton":6,"minecraft:air":0,"vanillaplustools:iron_hammer":1,"minecraft:iron_boots":1,"minecraft:iron_chestplate":1,"minecraft:shield":1,"minecraft:stick":48,"minecraft:iron_ingot":61,"minecraft:iron_pickaxe":9,"minecraft:stone_pickaxe":10,"minecraft:wooden_axe":2,"minecraft:chest":2,"minecraft:iron_leggings":1,"minecraft:white_bed":1,"minecraft:torch":8},"minecraft:used":{"minecraft:cooked_mutton":6,"minecraft:diorite":12,"minecraft:stone_pickaxe":96,"minecraft:oak_planks":12,"minecraft:shield":1,"minecraft:chest":2,"minecraft:wooden_pickaxe":9,"vanillaplustools:stone_hammer":83,"minecraft:cooked_chicken":6,"minecraft:torch":20,"minecraft:crafting_table":5,"minecraft:white_bed":1,"minecraft:oak_log":55,"minecraft:wooden_axe":13,"minecraft:apple":2,"minecraft:iron_helmet":1,"minecraft:stone_axe":70,"minecraft:cobblestone":30,"minecraft:beef":3,"vanillaplustools:iron_hammer":38,"minecraft:cooked_porkchop":2,"minecraft:furnace":3,"minecraft:porkchop":1,"minecraft:iron_leggings":1},"minecraft:mined":{"minecraft:white_bed":1,"minecraft:dandelion":4,"minecraft:crafting_table":5,"minecraft:torch":6,"minecraft:granite":62,"minecraft:copper_ore":13,"minecraft:sugar_cane":1,"minecraft:oak_planks":4,"minecraft:diorite":14,"minecraft:wall_torch":6,"minecraft:furnace":3,"minecraft:iron_ore":69,"minecraft:andesite":4,"minecraft:grass":1,"minecraft:coal_ore":62,"minecraft:oak_log":60,"minecraft:dirt":1,"minecraft:stone":817,"minecraft:oak_leaves":2,"minecraft:infested_stone":2},"minecraft:broken":{"minecraft:stone_axe":1,"minecraft:wooden_axe":1},"minecraft:dropped":{"minecraft:cooked_porkchop":6,"minecraft:cobblestone":32,"minecraft:diorite":2,"minecraft:wooden_axe":8,"minecraft:spider_eye":1,"minecraft:arrow":3,"minecraft:beef":2,"minecraft:wooden_pickaxe":15,"minecraft:white_wool":1,"minecraft:dandelion":4},"minecraft:killed":{"minecraft:pig":12,"minecraft:spider":1,"minecraft:sheep":4,"minecraft:skeleton":2,"minecraft:goat":1,"minecraft:zombie":5,"minecraft:chicken":6,"minecraft:silverfish":1,"minecraft:cow":3}},"DataVersion":2730}