{"stats":{"minecraft:custom":{"minecraft:interact_with_furnace":40,"minecraft:mob_kills":14,"minecraft:interact_with_crafting_table":27,"minecraft:time_since_death":29897,"minecraft:climb_one_cm":229,"minecraft:time_since_rest":29897,"minecraft:sprint_one_cm":74230,"minecraft:damage_taken":427,"minecraft:walk_one_cm":75620,"minecraft:damage_blocked_by_shield":40,"minecraft:drop":28,"minecraft:damage_dealt":1330,"minecraft:fly_one_cm":59628,"minecraft:open_chest":11,"minecraft:crouch_one_cm":277,"minecraft:play_time":29897,"minecraft:sneak_time":153,"minecraft:walk_under_water_one_cm":419,"minecraft:jump":441,"minecraft:walk_on_water_one_cm":4426,"minecraft:total_world_time":29897,"minecraft:fall_one_cm":8196},"minecraft:picked_up":{"minecraft:wooden_axe":8,"minecraft:crafting_table":4,"minecraft:feather":6,"minecraft:chicken":6,"minecraft:andesite":2,"minecraft:leather":2,"minecraft:wooden_pickaxe":16,"minecraft:oak_log":38,"minecraft:raw_copper":25,"minecraft:bone":2,"minecraft:apple":2,"minecraft:iron_ingot":15,"minecraft:beef":3,"minecraft:sugar_cane":3,"minecraft:oak_planks":4,"minecraft:furnace":1,"minecraft:stick":6,"minecraft:raw_iron":42,"minecraft:torch":8,"minecraft:porkchop":5,"minecraft:spruce_sapling":1,"minecraft:diorite":16,"minecraft:arrow":6,"minecraft:granite":55,"minecraft:oak_sapling":28,"minecraft:coal":77,"minecraft:cobblestone":718},"minecraft:crafted":{"minecraft:oak_planks":152,"minecraft:wooden_shovel":1,"vanillaplustools:stone_hammer":1,"minecraft:crafting_table":1,"minecraft:wooden_pickaxe":1,"minecraft:iron_helmet":1,"minecraft:cooked_chicken":6,"minecraft:furnace":1,"minecraft:stone_axe":1,"minecraft:air":0,"vanillaplustools:iron_hammer":1,"minecraft:iron_boots":1,"minecraft:iron_chestplate":1,"minecraft:shield":1,"minecraft:stick":48,"minecraft:iron_ingot":61,"minecraft:iron_pickaxe":9,"minecraft:stone_pickaxe":10,"minecraft:wooden_axe":2,"minecraft:chest":2,"minecraft:iron_leggings":1,"minecraft:torch":8},"minecraft:used":{"minecraft:diorite":12,"minecraft:stone_pickaxe":91,"minecraft:oak_planks":12,"minecraft:shield":1,"minecraft:chest":2,"minecraft:wooden_pickaxe":9,"vanillaplustools:stone_hammer":83,"minecraft:cooked_chicken":6,"minecraft:torch":12,"minecraft:crafting_table":4,"minecraft:oak_log":55,"minecraft:wooden_axe":13,"minecraft:apple":2,"minecraft:iron_helmet":1,"minecraft:stone_axe":33,"minecraft:beef":3,"vanillaplustools:iron_hammer":13,"minecraft:furnace":1,"minecraft:porkchop":1,"minecraft:iron_leggings":1},"minecraft:mined":{"minecraft:crafting_table":4,"minecraft:torch":3,"minecraft:granite":55,"minecraft:copper_ore":9,"minecraft:sugar_cane":1,"minecraft:oak_planks":4,"minecraft:diorite":14,"minecraft:wall_torch":5,"minecraft:furnace":1,"minecraft:iron_ore":42,"minecraft:andesite":2,"minecraft:coal_ore":55,"minecraft:oak_log":60,"minecraft:stone":731,"minecraft:oak_leaves":2,"minecraft:infested_stone":2},"minecraft:broken":{"minecraft:wooden_axe":1},"minecraft:dropped":{"minecraft:cobblestone":32,"minecraft:diorite":2,"minecraft:wooden_axe":8,"minecraft:arrow":3,"minecraft:wooden_pickaxe":15},"minecraft:killed":{"minecraft:pig":2,"minecraft:skeleton":2,"minecraft:zombie":1,"minecraft:chicken":6,"minecraft:silverfish":1,"minecraft:cow":2}},"DataVersion":2730}