{"stats":{"minecraft:broken":{"minecraft:iron_pickaxe":1},"minecraft:picked_up":{"minecraft:crafting_table":3,"minecraft:iron_chestplate":1,"minecraft:chicken":3,"minecraft:nether_wart":26,"minecraft:wither_rose":7,"ava:mosin_nagant_sumire":1,"minecraft:dragon_head":1,"ava:sg556_black_widow":1,"ava:regular_pistol_magazine":1,"ava:shotgun_ammo":64,"minecraft:string":1,"minecraft:elytra":1,"minecraft:flint_and_steel":1,"minecraft:iron_axe":1,"minecraft:iron_leggings":1,"minecraft:beef":4,"minecraft:enchanted_golden_apple":64,"minecraft:iron_pickaxe":2,"minecraft:light_gray_wool":1,"ava:m202":1,"minecraft:egg":1,"minecraft:iron_boots":1,"minecraft:furnace":2,"minecraft:raw_iron":49,"minecraft:end_stone":5,"minecraft:torch":5,"ava:m4a1_xplorer":1,"ava:gm94":1,"minecraft:porkchop":62,"ava:regular_sniper_magazine":64,"minecraft:diorite":2,"ava:eu_standard_boots":1,"minecraft:arrow":11,"ava:x95r":1,"minecraft:rotten_flesh":1,"ava:nrf_standard_trousers":1,"minecraft:nether_bricks":8,"ava:mk18_air_warfare":1,"ava:eu_standard_helmet":1,"minecraft:mutton":13,"minecraft:white_wool":8,"minecraft:cobblestone":56,"minecraft:basalt":12,"minecraft:feather":5,"minecraft:cooked_beef":9,"minecraft:andesite":4,"minecraft:leather":2,"minecraft:oak_log":6,"minecraft:gunpowder":3,"minecraft:dirt":65,"ava:eu_standard_trousers":1,"minecraft:bone":9,"minecraft:apple":2,"ava:m202_rocket":37,"ava:x95r_aube":1,"minecraft:wheat_seeds":1,"minecraft:bell":1,"minecraft:oak_fence_gate":4,"minecraft:iron_ingot":5,"ava:regular_rifle_magazine":64,"minecraft:iron_sword":1,"ava:regular_sub_machinegun_magazine":25,"minecraft:dandelion":1,"ava:m4a1_sumire":1,"ava:m16_vn_frost_snow":2,"minecraft:firework_rocket":64,"ava:remington870_dreamcatcher":1,"minecraft:sugar":2,"ava:mosin_nagant_sports":1,"ava:eu_standard_kevlar":1,"ava:ak12_unit_01":1,"minecraft:iron_helmet":1,"ava:beretta_92fs_barbatos":1,"minecraft:coal":114,"ava:explosive_barrel":1,"minecraft:netherrack":2,"minecraft:oak_sapling":3,"ava:sr_2m_veresk_sumire":1,"minecraft:black_wool":1,"minecraft:nether_star":5,"minecraft:diamond_pickaxe":2,"minecraft:ender_pearl":12},"minecraft:custom":{"minecraft:mob_kills":154,"minecraft:interact_with_crafting_table":25,"minecraft:leave_game":5,"minecraft:time_since_death":542,"minecraft:climb_one_cm":286,"minecraft:damage_resisted":2033,"minecraft:sprint_one_cm":362385,"minecraft:walk_one_cm":366511,"minecraft:drop":11,"minecraft:talked_to_villager":2,"minecraft:play_time":98404,"minecraft:deaths":36,"minecraft:sneak_time":9293,"minecraft:walk_under_water_one_cm":73,"minecraft:jump":2180,"minecraft:walk_on_water_one_cm":3506,"minecraft:total_world_time":98404,"minecraft:interact_with_furnace":19,"minecraft:sleep_in_bed":1,"minecraft:time_since_rest":576,"minecraft:damage_taken":21777,"minecraft:damage_absorbed":4536,"minecraft:damage_dealt":68485,"minecraft:swim_one_cm":827,"minecraft:fly_one_cm":1298407,"minecraft:player_kills":2,"minecraft:open_chest":10,"minecraft:crouch_one_cm":30892,"minecraft:aviate_one_cm":1250344,"minecraft:fall_one_cm":98542},"minecraft:killed_by":{"minecraft:player":27,"minecraft:creeper":1,"minecraft:enderman":1,"minecraft:magma_cube":1,"minecraft:blaze":2,"minecraft:wither":1},"minecraft:killed":{"minecraft:shulker":2,"minecraft:wither":3,"minecraft:skeleton":2,"minecraft:horse":1,"minecraft:chicken":3,"minecraft:pig":16,"minecraft:zombie_villager":1,"minecraft:iron_golem":1,"minecraft:bat":1,"minecraft:sheep":10,"minecraft:wither_skeleton":1,"minecraft:villager":2,"minecraft:cow":2,"minecraft:enderman":105},"minecraft:crafted":{"minecraft:oak_planks":24,"minecraft:furnace":1,"minecraft:cooked_mutton":13,"minecraft:cooked_beef":3,"minecraft:cooked_porkchop":6,"minecraft:crafting_table":1,"minecraft:air":0,"minecraft:stick":12,"minecraft:iron_ingot":12,"minecraft:iron_pickaxe":1,"minecraft:torch":32},"minecraft:used":{"minecraft:flint_and_steel":1,"minecraft:iron_sword":84,"minecraft:nether_wart":2,"minecraft:netherrack":2,"simpletomb:grave_key":30,"minecraft:iron_chestplate":1,"minecraft:torch":6,"minecraft:nether_bricks":8,"minecraft:iron_helmet":1,"minecraft:iron_boots":1,"minecraft:basalt":12,"minecraft:furnace":2,"minecraft:cooked_beef":12,"minecraft:enchanted_golden_apple":37,"minecraft:iron_leggings":1,"minecraft:cooked_mutton":5,"minecraft:diorite":1,"minecraft:ender_pearl":7,"minecraft:crafting_table":3,"minecraft:end_stone":5,"minecraft:diamond_pickaxe":8,"minecraft:firework_rocket":67,"minecraft:iron_pickaxe":181,"minecraft:cobblestone":33,"minecraft:dandelion":1},"minecraft:mined":{"minecraft:dragon_wall_head":1,"minecraft:obsidian":2,"minecraft:nether_bricks":9,"minecraft:grass_block":1,"minecraft:nether_wart":22,"minecraft:furnace":2,"minecraft:iron_ore":36,"minecraft:andesite":4,"minecraft:stone":25,"minecraft:soul_sand":6,"minecraft:magenta_stained_glass":2,"minecraft:basalt":13,"minecraft:crafting_table":3,"minecraft:tall_grass":1,"minecraft:diorite":2,"minecraft:wall_torch":4,"minecraft:grass":13,"minecraft:oak_log":6,"minecraft:coal_ore":81,"minecraft:gravel":1,"minecraft:netherrack":2,"minecraft:oak_leaves":1,"ava:explosive_barrel":2},"minecraft:dropped":{"minecraft:ender_pearl":1,"simpletomb:grave_key":1,"minecraft:cobblestone":2,"ava:sr_2m_veresk_sumire":1,"ava:gm94":1,"minecraft:dirt":65,"minecraft:sugar":2,"minecraft:iron_pickaxe":1,"minecraft:rotten_flesh":1,"ava:m16_vn_frost_snow":1}},"DataVersion":2730}