{"stats":{"minecraft:picked_up":{"minecraft:torch":1,"minecraft:string":1},"minecraft:custom":{"minecraft:jump":69,"minecraft:time_since_rest":1565,"minecraft:walk_on_water_one_cm":300,"minecraft:damage_dealt":98,"minecraft:crouch_one_cm":219,"minecraft:deaths":2,"minecraft:sprint_one_cm":18264,"minecraft:play_time":2534,"minecraft:damage_taken":553,"minecraft:time_since_death":1486,"minecraft:walk_one_cm":8361,"minecraft:sneak_time":32,"minecraft:total_world_time":2534,"minecraft:drop":1,"minecraft:fall_one_cm":4021,"minecraft:fly_one_cm":13130},"minecraft:killed_by":{"minecraft:player":1},"minecraft:mined":{"minecraft:wall_torch":1},"minecraft:used":{"minecraft:torch":1},"minecraft:dropped":{"simpletomb:grave_key":1}},"DataVersion":2730}