{"stats":{"minecraft:broken":{"minecraft:iron_pickaxe":1},"minecraft:picked_up":{"minecraft:iron_chestplate":1,"minecraft:crafting_table":3,"minecraft:chicken":3,"minecraft:nether_wart":26,"minecraft:wither_rose":7,"ava:mosin_nagant_sumire":1,"ava:sg556_black_widow":1,"ava:regular_pistol_magazine":1,"ava:shotgun_ammo":64,"minecraft:string":1,"minecraft:elytra":1,"minecraft:iron_axe":1,"minecraft:flint_and_steel":1,"minecraft:iron_leggings":1,"minecraft:beef":4,"minecraft:enchanted_golden_apple":64,"minecraft:iron_pickaxe":2,"minecraft:light_gray_wool":1,"ava:m202":1,"minecraft:furnace":2,"minecraft:iron_boots":1,"minecraft:egg":1,"minecraft:raw_iron":49,"minecraft:end_stone":5,"minecraft:torch":5,"ava:m4a1_xplorer":1,"ava:gm94":1,"minecraft:porkchop":62,"ava:regular_sniper_magazine":64,"minecraft:diorite":2,"ava:eu_standard_boots":1,"minecraft:arrow":11,"ava:x95r":1,"minecraft:rotten_flesh":1,"minecraft:nether_bricks":8,"ava:mk18_air_warfare":1,"ava:eu_standard_helmet":1,"minecraft:mutton":13,"minecraft:white_wool":8,"minecraft:cobblestone":56,"minecraft:basalt":12,"minecraft:feather":5,"minecraft:cooked_beef":9,"minecraft:andesite":4,"minecraft:leather":2,"minecraft:oak_log":6,"minecraft:gunpowder":3,"minecraft:dirt":65,"ava:eu_standard_trousers":1,"minecraft:bone":9,"minecraft:apple":2,"ava:m202_rocket":37,"ava:x95r_aube":1,"minecraft:wheat_seeds":1,"minecraft:bell":1,"minecraft:iron_ingot":5,"minecraft:oak_fence_gate":4,"ava:regular_rifle_magazine":64,"minecraft:iron_sword":1,"ava:regular_sub_machinegun_magazine":25,"minecraft:dandelion":1,"ava:m4a1_sumire":1,"ava:m16_vn_frost_snow":2,"minecraft:firework_rocket":64,"ava:remington870_dreamcatcher":1,"ava:mosin_nagant_sports":1,"minecraft:sugar":2,"ava:eu_standard_kevlar":1,"ava:ak12_unit_01":1,"minecraft:iron_helmet":1,"ava:beretta_92fs_barbatos":1,"minecraft:black_wool":1,"minecraft:netherrack":2,"minecraft:oak_sapling":3,"ava:sr_2m_veresk_sumire":1,"ava:explosive_barrel":1,"minecraft:coal":114,"minecraft:nether_star":5,"minecraft:diamond_pickaxe":2,"minecraft:ender_pearl":10},"minecraft:custom":{"minecraft:mob_kills":151,"minecraft:interact_with_crafting_table":25,"minecraft:leave_game":4,"minecraft:time_since_death":4858,"minecraft:climb_one_cm":286,"minecraft:damage_resisted":1362,"minecraft:sprint_one_cm":343800,"minecraft:walk_one_cm":337574,"minecraft:drop":8,"minecraft:talked_to_villager":2,"minecraft:play_time":86990,"minecraft:deaths":30,"minecraft:sneak_time":9079,"minecraft:walk_under_water_one_cm":73,"minecraft:jump":2035,"minecraft:walk_on_water_one_cm":3506,"minecraft:total_world_time":86990,"minecraft:interact_with_furnace":19,"minecraft:sleep_in_bed":1,"minecraft:time_since_rest":4939,"minecraft:damage_taken":16972,"minecraft:damage_absorbed":3096,"minecraft:damage_dealt":66737,"minecraft:swim_one_cm":827,"minecraft:fly_one_cm":1255055,"minecraft:player_kills":1,"minecraft:open_chest":5,"minecraft:crouch_one_cm":29798,"minecraft:aviate_one_cm":277303,"minecraft:fall_one_cm":91430},"minecraft:killed_by":{"minecraft:player":21,"minecraft:creeper":1,"minecraft:enderman":1,"minecraft:magma_cube":1,"minecraft:blaze":2,"minecraft:wither":1},"minecraft:killed":{"minecraft:shulker":1,"minecraft:wither":3,"minecraft:horse":1,"minecraft:skeleton":2,"minecraft:chicken":3,"minecraft:pig":16,"minecraft:zombie_villager":1,"minecraft:iron_golem":1,"minecraft:bat":1,"minecraft:sheep":10,"minecraft:wither_skeleton":1,"minecraft:villager":2,"minecraft:cow":2,"minecraft:enderman":104},"minecraft:crafted":{"minecraft:oak_planks":24,"minecraft:furnace":1,"minecraft:cooked_mutton":13,"minecraft:cooked_beef":3,"minecraft:cooked_porkchop":6,"minecraft:crafting_table":1,"minecraft:air":0,"minecraft:stick":12,"minecraft:iron_ingot":12,"minecraft:iron_pickaxe":1,"minecraft:torch":32},"minecraft:mined":{"minecraft:obsidian":2,"minecraft:nether_bricks":9,"minecraft:grass_block":1,"minecraft:nether_wart":22,"minecraft:furnace":2,"minecraft:iron_ore":36,"minecraft:andesite":4,"minecraft:stone":25,"minecraft:soul_sand":6,"minecraft:basalt":13,"minecraft:crafting_table":3,"minecraft:tall_grass":1,"minecraft:diorite":2,"minecraft:wall_torch":4,"minecraft:grass":13,"minecraft:coal_ore":81,"minecraft:oak_log":6,"minecraft:gravel":1,"minecraft:netherrack":2,"minecraft:oak_leaves":1,"ava:explosive_barrel":2},"minecraft:used":{"minecraft:flint_and_steel":1,"minecraft:iron_sword":84,"minecraft:nether_wart":2,"simpletomb:grave_key":21,"minecraft:netherrack":2,"minecraft:iron_chestplate":1,"minecraft:torch":6,"minecraft:nether_bricks":8,"minecraft:iron_helmet":1,"minecraft:iron_boots":1,"minecraft:basalt":12,"minecraft:furnace":2,"minecraft:cooked_beef":12,"minecraft:enchanted_golden_apple":28,"minecraft:iron_leggings":1,"minecraft:cooked_mutton":5,"minecraft:diorite":1,"minecraft:ender_pearl":7,"minecraft:crafting_table":3,"minecraft:end_stone":5,"minecraft:diamond_pickaxe":8,"minecraft:firework_rocket":17,"minecraft:iron_pickaxe":181,"minecraft:cobblestone":29,"minecraft:dandelion":1},"minecraft:dropped":{"minecraft:ender_pearl":1,"simpletomb:grave_key":1,"ava:sr_2m_veresk_sumire":1,"ava:gm94":1,"minecraft:dirt":65,"minecraft:iron_pickaxe":1,"ava:m16_vn_frost_snow":1}},"DataVersion":2730}