{"stats":{"minecraft:picked_up":{"minecraft:raw_iron":18,"minecraft:iron_chestplate":1,"minecraft:basalt":11,"minecraft:cooked_beef":9,"minecraft:nether_wart":26,"minecraft:torch":1,"minecraft:diorite":1,"minecraft:string":1,"minecraft:iron_leggings":1,"minecraft:bone":1,"minecraft:arrow":2,"minecraft:nether_bricks":8,"minecraft:iron_helmet":1,"minecraft:iron_pickaxe":1,"minecraft:netherrack":2,"minecraft:coal":23,"minecraft:iron_sword":1,"minecraft:iron_boots":1,"minecraft:cobblestone":8},"minecraft:custom":{"minecraft:time_since_rest":1230,"minecraft:sprint_one_cm":127741,"minecraft:damage_taken":1886,"minecraft:walk_one_cm":60316,"minecraft:mob_kills":1,"minecraft:drop":1,"minecraft:damage_dealt":593,"minecraft:interact_with_crafting_table":4,"minecraft:fly_one_cm":93148,"minecraft:open_chest":1,"minecraft:crouch_one_cm":9248,"minecraft:play_time":21194,"minecraft:deaths":5,"minecraft:sneak_time":2657,"minecraft:jump":491,"minecraft:leave_game":2,"minecraft:walk_on_water_one_cm":628,"minecraft:time_since_death":1209,"minecraft:total_world_time":21194,"minecraft:fall_one_cm":20104},"minecraft:killed_by":{"minecraft:player":1,"minecraft:magma_cube":1,"minecraft:blaze":2},"minecraft:killed":{"minecraft:wither_skeleton":1},"minecraft:mined":{"minecraft:iron_ore":19,"minecraft:basalt":11,"minecraft:nether_bricks":9,"minecraft:coal_ore":23,"minecraft:stone":2,"minecraft:netherrack":2,"minecraft:nether_wart":22,"minecraft:diorite":1,"minecraft:wall_torch":1},"minecraft:used":{"minecraft:diorite":1,"minecraft:iron_pickaxe":67,"minecraft:iron_helmet":1,"minecraft:nether_wart":2,"minecraft:iron_sword":10,"minecraft:iron_boots":1,"minecraft:netherrack":2,"simpletomb:grave_key":2,"minecraft:iron_chestplate":1,"minecraft:basalt":11,"minecraft:torch":1,"minecraft:cobblestone":8,"minecraft:nether_bricks":7,"minecraft:cooked_beef":9,"minecraft:iron_leggings":1},"minecraft:dropped":{"simpletomb:grave_key":1}},"DataVersion":2730}