{"stats":{"minecraft:broken":{"minecraft:iron_pickaxe":1},"minecraft:picked_up":{"minecraft:crafting_table":3,"minecraft:iron_chestplate":1,"minecraft:cooked_beef":9,"minecraft:feather":5,"minecraft:basalt":12,"minecraft:chicken":3,"minecraft:nether_wart":26,"minecraft:andesite":4,"minecraft:leather":2,"ava:regular_pistol_magazine":1,"ava:mosin_nagant_sumire":1,"minecraft:oak_log":6,"ava:sg556_black_widow":1,"ava:shotgun_ammo":64,"minecraft:gunpowder":3,"minecraft:dirt":65,"minecraft:string":1,"minecraft:flint_and_steel":1,"minecraft:iron_axe":1,"ava:eu_standard_trousers":1,"minecraft:iron_leggings":1,"minecraft:bone":3,"minecraft:apple":2,"ava:x95r_aube":1,"ava:m202_rocket":37,"minecraft:wheat_seeds":1,"minecraft:bell":1,"minecraft:oak_fence_gate":4,"minecraft:beef":4,"minecraft:iron_ingot":5,"ava:regular_rifle_magazine":64,"minecraft:iron_pickaxe":2,"minecraft:light_gray_wool":1,"minecraft:enchanted_golden_apple":64,"ava:m202":1,"minecraft:iron_sword":1,"minecraft:egg":1,"minecraft:iron_boots":1,"minecraft:furnace":2,"minecraft:raw_iron":49,"ava:regular_sub_machinegun_magazine":25,"ava:m4a1_xplorer":1,"minecraft:torch":5,"minecraft:dandelion":1,"ava:m4a1_sumire":1,"ava:gm94":1,"minecraft:porkchop":62,"ava:regular_sniper_magazine":64,"minecraft:diorite":2,"ava:eu_standard_boots":1,"ava:m16_vn_frost_snow":2,"ava:remington870_dreamcatcher":1,"minecraft:arrow":5,"ava:x95r":1,"ava:mosin_nagant_sports":1,"ava:ak12_unit_01":1,"ava:eu_standard_kevlar":1,"minecraft:nether_bricks":8,"minecraft:iron_helmet":1,"minecraft:ender_pearl":1,"ava:mk18_air_warfare":1,"ava:sr_2m_veresk_sumire":1,"ava:eu_standard_helmet":1,"ava:beretta_92fs_barbatos":1,"ava:explosive_barrel":1,"minecraft:oak_sapling":3,"minecraft:netherrack":2,"minecraft:black_wool":1,"minecraft:mutton":13,"minecraft:coal":114,"minecraft:white_wool":8,"minecraft:cobblestone":56,"minecraft:diamond_pickaxe":2},"minecraft:custom":{"minecraft:interact_with_furnace":19,"minecraft:mob_kills":129,"minecraft:interact_with_crafting_table":25,"minecraft:leave_game":4,"minecraft:time_since_death":6584,"minecraft:sleep_in_bed":1,"minecraft:damage_resisted":812,"minecraft:climb_one_cm":286,"minecraft:time_since_rest":6622,"minecraft:sprint_one_cm":297106,"minecraft:damage_absorbed":1759,"minecraft:damage_taken":15079,"minecraft:walk_one_cm":273457,"minecraft:drop":7,"minecraft:damage_dealt":47929,"minecraft:player_kills":1,"minecraft:talked_to_villager":2,"minecraft:swim_one_cm":827,"minecraft:fly_one_cm":1156211,"minecraft:open_chest":4,"minecraft:crouch_one_cm":27151,"minecraft:play_time":74990,"minecraft:deaths":27,"minecraft:sneak_time":8407,"minecraft:walk_under_water_one_cm":73,"minecraft:aviate_one_cm":225434,"minecraft:jump":1667,"minecraft:walk_on_water_one_cm":3506,"minecraft:total_world_time":74990,"minecraft:fall_one_cm":73877},"minecraft:killed_by":{"minecraft:player":20,"minecraft:creeper":1,"minecraft:blaze":2,"minecraft:magma_cube":1},"minecraft:killed":{"minecraft:pig":16,"minecraft:zombie_villager":1,"minecraft:iron_golem":1,"minecraft:bat":1,"minecraft:horse":1,"minecraft:sheep":10,"minecraft:skeleton":2,"minecraft:chicken":3,"minecraft:wither_skeleton":1,"minecraft:enderman":88,"minecraft:villager":2,"minecraft:cow":2},"minecraft:crafted":{"minecraft:cooked_beef":3,"minecraft:oak_planks":24,"minecraft:cooked_porkchop":6,"minecraft:crafting_table":1,"minecraft:furnace":1,"minecraft:cooked_mutton":13,"minecraft:air":0,"minecraft:stick":12,"minecraft:iron_ingot":12,"minecraft:iron_pickaxe":1,"minecraft:torch":32},"minecraft:mined":{"minecraft:basalt":13,"minecraft:obsidian":2,"minecraft:crafting_table":3,"minecraft:nether_bricks":9,"minecraft:grass_block":1,"minecraft:tall_grass":1,"minecraft:diorite":2,"minecraft:nether_wart":22,"minecraft:wall_torch":4,"minecraft:furnace":2,"minecraft:iron_ore":36,"minecraft:andesite":4,"minecraft:grass":12,"minecraft:oak_log":6,"minecraft:coal_ore":81,"minecraft:gravel":1,"minecraft:stone":25,"minecraft:oak_leaves":1,"minecraft:netherrack":2,"ava:explosive_barrel":2},"minecraft:used":{"minecraft:cooked_mutton":5,"minecraft:diorite":1,"minecraft:flint_and_steel":1,"minecraft:nether_wart":2,"minecraft:iron_sword":84,"minecraft:netherrack":2,"simpletomb:grave_key":18,"minecraft:iron_chestplate":1,"minecraft:torch":6,"minecraft:crafting_table":3,"minecraft:nether_bricks":8,"minecraft:diamond_pickaxe":2,"minecraft:firework_rocket":14,"minecraft:iron_pickaxe":181,"minecraft:iron_helmet":1,"minecraft:iron_boots":1,"minecraft:basalt":12,"minecraft:cobblestone":8,"minecraft:furnace":2,"minecraft:enchanted_golden_apple":15,"minecraft:dandelion":1,"minecraft:cooked_beef":12,"minecraft:iron_leggings":1},"minecraft:dropped":{"minecraft:ender_pearl":1,"simpletomb:grave_key":1,"ava:sr_2m_veresk_sumire":1,"ava:gm94":1,"minecraft:dirt":1,"ava:m16_vn_frost_snow":1,"minecraft:iron_pickaxe":1}},"DataVersion":2730}