{"stats":{"minecraft:picked_up":{"minecraft:raw_iron":18,"minecraft:iron_chestplate":1,"minecraft:basalt":12,"minecraft:cooked_beef":9,"minecraft:nether_wart":26,"minecraft:leather":1,"minecraft:torch":1,"minecraft:porkchop":28,"minecraft:diorite":1,"minecraft:string":1,"minecraft:iron_leggings":1,"minecraft:bone":1,"minecraft:arrow":2,"minecraft:wheat_seeds":1,"minecraft:nether_bricks":8,"minecraft:iron_helmet":1,"minecraft:beef":3,"minecraft:black_wool":1,"minecraft:light_gray_wool":1,"minecraft:iron_pickaxe":1,"minecraft:white_wool":8,"minecraft:netherrack":2,"minecraft:mutton":13,"minecraft:coal":23,"minecraft:iron_sword":1,"minecraft:iron_boots":1,"minecraft:cobblestone":8,"minecraft:egg":1},"minecraft:custom":{"minecraft:time_since_rest":7335,"minecraft:sprint_one_cm":148828,"minecraft:damage_taken":2033,"minecraft:walk_one_cm":98318,"minecraft:mob_kills":25,"minecraft:drop":1,"minecraft:damage_dealt":2803,"minecraft:interact_with_crafting_table":4,"minecraft:fly_one_cm":129276,"minecraft:open_chest":1,"minecraft:crouch_one_cm":10047,"minecraft:play_time":27299,"minecraft:deaths":5,"minecraft:sneak_time":2830,"minecraft:jump":740,"minecraft:leave_game":3,"minecraft:walk_on_water_one_cm":628,"minecraft:time_since_death":7314,"minecraft:total_world_time":27299,"minecraft:fall_one_cm":26695},"minecraft:killed_by":{"minecraft:player":1,"minecraft:magma_cube":1,"minecraft:blaze":2},"minecraft:killed":{"minecraft:sheep":10,"minecraft:pig":13,"minecraft:wither_skeleton":1,"minecraft:cow":1},"minecraft:mined":{"minecraft:iron_ore":19,"minecraft:basalt":13,"minecraft:nether_bricks":9,"minecraft:grass":8,"minecraft:coal_ore":23,"minecraft:gravel":1,"minecraft:tall_grass":1,"minecraft:stone":2,"minecraft:netherrack":2,"minecraft:nether_wart":22,"minecraft:diorite":1,"minecraft:wall_torch":1},"minecraft:used":{"minecraft:diorite":1,"minecraft:iron_pickaxe":69,"minecraft:iron_helmet":1,"minecraft:nether_wart":2,"minecraft:iron_sword":57,"minecraft:iron_boots":1,"minecraft:netherrack":2,"simpletomb:grave_key":3,"minecraft:iron_chestplate":1,"minecraft:basalt":12,"minecraft:torch":1,"minecraft:cobblestone":8,"minecraft:nether_bricks":8,"minecraft:cooked_beef":9,"minecraft:iron_leggings":1},"minecraft:dropped":{"simpletomb:grave_key":1}},"DataVersion":2730}