{"stats":{"minecraft:picked_up":{"minecraft:raw_iron":18,"minecraft:iron_leggings":1,"minecraft:iron_chestplate":1,"minecraft:cooked_beef":9,"minecraft:torch":1,"minecraft:iron_helmet":1,"minecraft:diorite":1,"minecraft:iron_pickaxe":1,"minecraft:coal":23,"minecraft:iron_sword":1,"minecraft:iron_boots":1,"minecraft:string":1,"minecraft:cobblestone":8},"minecraft:custom":{"minecraft:time_since_rest":6086,"minecraft:walk_one_cm":23237,"minecraft:crouch_one_cm":3680,"minecraft:damage_taken":571,"minecraft:play_time":7055,"minecraft:sprint_one_cm":45523,"minecraft:deaths":2,"minecraft:sneak_time":978,"minecraft:drop":1,"minecraft:jump":151,"minecraft:damage_dealt":98,"minecraft:leave_game":1,"minecraft:time_since_death":6007,"minecraft:walk_on_water_one_cm":300,"minecraft:total_world_time":7055,"minecraft:interact_with_crafting_table":4,"minecraft:fall_one_cm":4859,"minecraft:fly_one_cm":27834},"minecraft:killed_by":{"minecraft:player":1},"minecraft:used":{"minecraft:iron_chestplate":1,"minecraft:torch":1,"minecraft:iron_pickaxe":45,"minecraft:iron_helmet":1,"minecraft:cooked_beef":2,"minecraft:iron_boots":1,"minecraft:iron_leggings":1},"minecraft:mined":{"minecraft:coal_ore":23,"minecraft:iron_ore":19,"minecraft:stone":2,"minecraft:diorite":1,"minecraft:wall_torch":1},"minecraft:dropped":{"simpletomb:grave_key":1}},"DataVersion":2730}