{"stats":{"minecraft:picked_up":{"minecraft:iron_chestplate":1,"minecraft:iron_leggings":1,"minecraft:raw_iron":18,"minecraft:cooked_beef":9,"minecraft:torch":1,"minecraft:iron_helmet":1,"minecraft:iron_pickaxe":1,"minecraft:diorite":1,"minecraft:iron_sword":1,"minecraft:coal":23,"minecraft:cobblestone":8,"minecraft:string":1,"minecraft:iron_boots":1},"minecraft:custom":{"minecraft:time_since_rest":9562,"minecraft:damage_taken":747,"minecraft:crouch_one_cm":4737,"minecraft:play_time":10531,"minecraft:walk_one_cm":34520,"minecraft:sprint_one_cm":58328,"minecraft:deaths":2,"minecraft:sneak_time":1334,"minecraft:drop":1,"minecraft:jump":226,"minecraft:damage_dealt":272,"minecraft:leave_game":2,"minecraft:time_since_death":9483,"minecraft:walk_on_water_one_cm":300,"minecraft:total_world_time":10531,"minecraft:interact_with_crafting_table":4,"minecraft:fly_one_cm":39055,"minecraft:fall_one_cm":7046},"minecraft:killed_by":{"minecraft:player":1},"minecraft:mined":{"minecraft:coal_ore":23,"minecraft:iron_ore":19,"minecraft:stone":2,"minecraft:diorite":1,"minecraft:wall_torch":1},"minecraft:used":{"minecraft:torch":1,"minecraft:iron_chestplate":1,"minecraft:cobblestone":8,"minecraft:iron_pickaxe":45,"minecraft:iron_sword":3,"minecraft:cooked_beef":4,"minecraft:iron_helmet":1,"minecraft:iron_leggings":1,"minecraft:iron_boots":1},"minecraft:dropped":{"simpletomb:grave_key":1}},"DataVersion":2730}