{"stats":{"minecraft:broken":{"minecraft:iron_pickaxe":1},"minecraft:picked_up":{"minecraft:crafting_table":3,"minecraft:iron_chestplate":1,"minecraft:cooked_beef":9,"minecraft:feather":5,"minecraft:basalt":12,"minecraft:chicken":3,"minecraft:nether_wart":26,"minecraft:andesite":4,"minecraft:leather":2,"minecraft:oak_log":6,"minecraft:dirt":1,"minecraft:string":1,"minecraft:iron_leggings":1,"minecraft:bone":3,"minecraft:apple":1,"minecraft:wheat_seeds":1,"minecraft:beef":4,"minecraft:iron_ingot":1,"minecraft:iron_pickaxe":2,"minecraft:light_gray_wool":1,"minecraft:iron_sword":1,"minecraft:egg":1,"minecraft:iron_boots":1,"minecraft:furnace":2,"minecraft:raw_iron":49,"minecraft:torch":5,"minecraft:porkchop":62,"minecraft:diorite":2,"minecraft:arrow":5,"minecraft:nether_bricks":8,"minecraft:iron_helmet":1,"minecraft:oak_sapling":3,"minecraft:netherrack":2,"minecraft:black_wool":1,"minecraft:mutton":13,"minecraft:coal":114,"minecraft:white_wool":8,"minecraft:cobblestone":33},"minecraft:custom":{"minecraft:interact_with_furnace":19,"minecraft:mob_kills":35,"minecraft:interact_with_crafting_table":24,"minecraft:leave_game":4,"minecraft:time_since_death":787,"minecraft:climb_one_cm":188,"minecraft:time_since_rest":867,"minecraft:sprint_one_cm":229703,"minecraft:damage_taken":6330,"minecraft:walk_one_cm":153190,"minecraft:drop":3,"minecraft:damage_dealt":3928,"minecraft:swim_one_cm":827,"minecraft:fly_one_cm":212499,"minecraft:open_chest":1,"minecraft:crouch_one_cm":20047,"minecraft:play_time":50990,"minecraft:deaths":13,"minecraft:sneak_time":5813,"minecraft:walk_under_water_one_cm":73,"minecraft:aviate_one_cm":212592,"minecraft:jump":1181,"minecraft:walk_on_water_one_cm":909,"minecraft:total_world_time":50990,"minecraft:fall_one_cm":49187},"minecraft:killed_by":{"minecraft:player":8,"minecraft:blaze":2,"minecraft:magma_cube":1},"minecraft:killed":{"minecraft:pig":16,"minecraft:zombie_villager":1,"minecraft:sheep":10,"minecraft:skeleton":2,"minecraft:chicken":3,"minecraft:wither_skeleton":1,"minecraft:cow":2},"minecraft:crafted":{"minecraft:cooked_beef":3,"minecraft:oak_planks":24,"minecraft:cooked_porkchop":6,"minecraft:crafting_table":1,"minecraft:furnace":1,"minecraft:cooked_mutton":13,"minecraft:air":0,"minecraft:stick":12,"minecraft:iron_ingot":12,"minecraft:iron_pickaxe":1,"minecraft:torch":32},"minecraft:mined":{"minecraft:basalt":13,"minecraft:crafting_table":3,"minecraft:nether_bricks":9,"minecraft:grass_block":1,"minecraft:tall_grass":1,"minecraft:diorite":2,"minecraft:nether_wart":22,"minecraft:wall_torch":4,"minecraft:furnace":2,"minecraft:iron_ore":36,"minecraft:andesite":4,"minecraft:grass":11,"minecraft:oak_log":6,"minecraft:coal_ore":81,"minecraft:gravel":1,"minecraft:stone":25,"minecraft:netherrack":2},"minecraft:used":{"minecraft:cooked_mutton":4,"minecraft:diorite":1,"minecraft:nether_wart":2,"minecraft:iron_sword":82,"minecraft:netherrack":2,"simpletomb:grave_key":9,"minecraft:iron_chestplate":1,"minecraft:torch":6,"minecraft:crafting_table":3,"minecraft:nether_bricks":8,"minecraft:firework_rocket":13,"minecraft:iron_pickaxe":181,"minecraft:iron_helmet":1,"minecraft:iron_boots":1,"minecraft:basalt":12,"minecraft:cobblestone":8,"minecraft:furnace":2,"minecraft:cooked_beef":12,"minecraft:iron_leggings":1},"minecraft:dropped":{"simpletomb:grave_key":1,"minecraft:dirt":1,"minecraft:iron_pickaxe":1}},"DataVersion":2730}