{"stats":{"minecraft:broken":{"minecraft:iron_pickaxe":1},"minecraft:picked_up":{"minecraft:crafting_table":2,"minecraft:iron_chestplate":1,"minecraft:basalt":12,"minecraft:feather":5,"minecraft:cooked_beef":9,"minecraft:chicken":3,"minecraft:nether_wart":26,"minecraft:leather":2,"minecraft:oak_log":6,"minecraft:dirt":1,"minecraft:string":1,"minecraft:iron_leggings":1,"minecraft:bone":3,"minecraft:apple":1,"minecraft:wheat_seeds":1,"minecraft:iron_ingot":1,"minecraft:beef":4,"minecraft:iron_pickaxe":2,"minecraft:light_gray_wool":1,"minecraft:iron_sword":1,"minecraft:furnace":2,"minecraft:iron_boots":1,"minecraft:egg":1,"minecraft:raw_iron":41,"minecraft:torch":3,"minecraft:porkchop":62,"minecraft:diorite":2,"minecraft:arrow":5,"minecraft:nether_bricks":8,"minecraft:iron_helmet":1,"minecraft:oak_sapling":3,"minecraft:netherrack":2,"minecraft:black_wool":1,"minecraft:mutton":13,"minecraft:coal":64,"minecraft:white_wool":8,"minecraft:cobblestone":18},"minecraft:custom":{"minecraft:interact_with_furnace":19,"minecraft:mob_kills":35,"minecraft:interact_with_crafting_table":22,"minecraft:leave_game":4,"minecraft:time_since_death":19889,"minecraft:time_since_rest":19910,"minecraft:sprint_one_cm":187807,"minecraft:damage_taken":2135,"minecraft:walk_one_cm":138984,"minecraft:drop":3,"minecraft:damage_dealt":3924,"minecraft:fly_one_cm":156189,"minecraft:open_chest":1,"minecraft:crouch_one_cm":13879,"minecraft:play_time":39874,"minecraft:deaths":5,"minecraft:sneak_time":3923,"minecraft:jump":923,"minecraft:walk_on_water_one_cm":628,"minecraft:total_world_time":39874,"minecraft:fall_one_cm":30640},"minecraft:killed_by":{"minecraft:player":1,"minecraft:blaze":2,"minecraft:magma_cube":1},"minecraft:killed":{"minecraft:pig":16,"minecraft:zombie_villager":1,"minecraft:sheep":10,"minecraft:skeleton":2,"minecraft:chicken":3,"minecraft:wither_skeleton":1,"minecraft:cow":2},"minecraft:crafted":{"minecraft:cooked_beef":3,"minecraft:oak_planks":24,"minecraft:cooked_porkchop":6,"minecraft:crafting_table":1,"minecraft:furnace":1,"minecraft:cooked_mutton":13,"minecraft:air":0,"minecraft:stick":12,"minecraft:iron_ingot":12,"minecraft:iron_pickaxe":1,"minecraft:torch":32},"minecraft:mined":{"minecraft:basalt":13,"minecraft:crafting_table":2,"minecraft:nether_bricks":9,"minecraft:grass_block":1,"minecraft:tall_grass":1,"minecraft:diorite":2,"minecraft:nether_wart":22,"minecraft:wall_torch":3,"minecraft:furnace":2,"minecraft:iron_ore":28,"minecraft:grass":11,"minecraft:coal_ore":32,"minecraft:oak_log":6,"minecraft:gravel":1,"minecraft:stone":12,"minecraft:netherrack":2},"minecraft:used":{"minecraft:cooked_mutton":1,"minecraft:diorite":1,"minecraft:iron_sword":82,"minecraft:nether_wart":2,"minecraft:netherrack":2,"simpletomb:grave_key":3,"minecraft:iron_chestplate":1,"minecraft:torch":5,"minecraft:crafting_table":2,"minecraft:nether_bricks":8,"minecraft:iron_pickaxe":107,"minecraft:iron_helmet":1,"minecraft:iron_boots":1,"minecraft:basalt":12,"minecraft:cobblestone":8,"minecraft:furnace":2,"minecraft:cooked_beef":11,"minecraft:iron_leggings":1},"minecraft:dropped":{"simpletomb:grave_key":1,"minecraft:dirt":1,"minecraft:iron_pickaxe":1}},"DataVersion":2730}