{"stats":{"minecraft:broken":{"vanillaplustools:stone_hammer":1},"minecraft:picked_up":{"minecraft:crafting_table":6,"minecraft:feather":2,"minecraft:chicken":1,"minecraft:andesite":40,"minecraft:leather":1,"minecraft:flint":2,"minecraft:oak_log":22,"minecraft:dirt":4,"minecraft:string":1,"minecraft:raw_copper":54,"minecraft:bone":3,"minecraft:beef":4,"minecraft:furnace":2,"minecraft:stick":11,"minecraft:raw_iron":117,"minecraft:sandstone":7,"minecraft:cooked_porkchop":6,"minecraft:torch":8,"minecraft:gravel":4,"minecraft:porkchop":6,"minecraft:blast_furnace":2,"minecraft:diorite":17,"minecraft:white_bed":3,"minecraft:spruce_log":17,"minecraft:spider_eye":2,"minecraft:arrow":6,"minecraft:rotten_flesh":6,"minecraft:spruce_boat":1,"minecraft:granite":33,"minecraft:oak_sapling":16,"minecraft:mutton":5,"minecraft:coal":181,"minecraft:white_wool":5,"minecraft:cobblestone":725},"minecraft:custom":{"minecraft:interact_with_furnace":31,"minecraft:mob_kills":19,"minecraft:interact_with_crafting_table":24,"minecraft:leave_game":3,"minecraft:time_since_death":20953,"minecraft:sleep_in_bed":3,"minecraft:climb_one_cm":1470,"minecraft:time_since_rest":3970,"minecraft:sprint_one_cm":174988,"minecraft:damage_taken":1249,"minecraft:walk_one_cm":115089,"minecraft:drop":15,"minecraft:damage_dealt":2426,"minecraft:swim_one_cm":12610,"minecraft:talked_to_villager":2,"minecraft:fly_one_cm":240695,"minecraft:open_chest":19,"minecraft:crouch_one_cm":3469,"minecraft:play_time":74616,"minecraft:deaths":2,"minecraft:sneak_time":2040,"minecraft:walk_under_water_one_cm":8139,"minecraft:boat_one_cm":114811,"minecraft:jump":1446,"minecraft:interact_with_blast_furnace":5,"minecraft:walk_on_water_one_cm":22916,"minecraft:total_world_time":74616,"minecraft:fall_one_cm":38328},"minecraft:killed_by":{"minecraft:creeper":1},"minecraft:killed":{"minecraft:pig":2,"minecraft:spider":1,"minecraft:bat":1,"minecraft:skeleton":4,"minecraft:sheep":5,"minecraft:zombie":2,"minecraft:chicken":1,"minecraft:silverfish":1,"minecraft:cow":1},"minecraft:crafted":{"minecraft:oak_planks":68,"vanillaplustools:stone_hammer":1,"minecraft:cooked_porkchop":4,"minecraft:crafting_table":2,"minecraft:spruce_planks":68,"minecraft:cooked_chicken":1,"minecraft:wooden_pickaxe":1,"minecraft:iron_helmet":1,"minecraft:furnace":1,"minecraft:oak_wood":15,"extraarmor:spruce_wood_chestplate":1,"minecraft:stone_axe":1,"minecraft:cooked_mutton":4,"minecraft:air":0,"minecraft:iron_boots":1,"minecraft:iron_chestplate":1,"minecraft:stick":32,"minecraft:iron_ingot":34,"minecraft:iron_pickaxe":1,"minecraft:stone_pickaxe":10,"minecraft:wooden_axe":1,"minecraft:stone_sword":1,"minecraft:iron_leggings":1,"minecraft:white_bed":1,"minecraft:spruce_boat":1,"minecraft:torch":52},"minecraft:mined":{"minecraft:white_bed":3,"minecraft:crafting_table":6,"minecraft:torch":4,"minecraft:granite":29,"minecraft:blast_furnace":2,"minecraft:grass_block":3,"minecraft:copper_ore":20,"minecraft:cobblestone":4,"minecraft:diorite":16,"minecraft:sandstone":1,"minecraft:wall_torch":2,"minecraft:furnace":2,"minecraft:iron_ore":119,"minecraft:spruce_log":17,"minecraft:andesite":48,"minecraft:grass":5,"minecraft:oak_log":2,"minecraft:coal_ore":164,"minecraft:gravel":6,"minecraft:dirt":2,"minecraft:stone":675,"minecraft:infested_stone":1},"minecraft:used":{"minecraft:cooked_mutton":4,"minecraft:diorite":8,"minecraft:stone_sword":67,"minecraft:stone_pickaxe":117,"minecraft:wooden_pickaxe":4,"vanillaplustools:stone_hammer":128,"minecraft:cooked_chicken":1,"minecraft:torch":55,"minecraft:dirt":2,"minecraft:crafting_table":6,"minecraft:blast_furnace":2,"minecraft:white_bed":3,"minecraft:spruce_log":16,"minecraft:spruce_boat":1,"minecraft:wooden_axe":5,"minecraft:iron_pickaxe":64,"minecraft:gravel":4,"minecraft:stone_axe":6,"minecraft:cobblestone":87,"minecraft:furnace":2,"minecraft:cooked_porkchop":8},"minecraft:dropped":{"minecraft:crafting_table":1,"minecraft:rotten_flesh":2,"minecraft:oak_planks":64,"minecraft:wooden_axe":1,"minecraft:oak_sapling":9,"minecraft:wooden_pickaxe":1}},"DataVersion":2730}