{"stats":{"minecraft:picked_up":{"minecraft:birch_log":19,"minecraft:crafting_table":1,"minecraft:stick":20,"minecraft:raw_iron":20,"minecraft:torch":1,"minecraft:wooden_pickaxe":1,"minecraft:porkchop":13,"minecraft:oak_log":36,"minecraft:apple":1,"minecraft:oak_sapling":23,"minecraft:birch_sapling":5,"minecraft:coal":47,"minecraft:cobblestone":28,"minecraft:furnace":1},"minecraft:custom":{"minecraft:time_since_rest":15064,"minecraft:interact_with_furnace":9,"minecraft:sprint_one_cm":77184,"minecraft:damage_taken":320,"minecraft:walk_one_cm":26249,"minecraft:mob_kills":8,"minecraft:drop":4,"minecraft:damage_dealt":1172,"minecraft:interact_with_crafting_table":7,"minecraft:swim_one_cm":1564,"minecraft:fly_one_cm":59898,"minecraft:open_chest":1,"minecraft:crouch_one_cm":1672,"minecraft:play_time":15064,"minecraft:sneak_time":826,"minecraft:walk_under_water_one_cm":1093,"minecraft:jump":337,"minecraft:leave_game":1,"minecraft:walk_on_water_one_cm":4101,"minecraft:time_since_death":15064,"minecraft:total_world_time":15064,"minecraft:fall_one_cm":7085},"minecraft:crafted":{"minecraft:oak_planks":144,"minecraft:cooked_porkchop":3,"minecraft:iron_axe":1,"minecraft:crafting_table":1,"minecraft:wooden_pickaxe":1,"minecraft:iron_ingot":7,"minecraft:iron_pickaxe":1,"minecraft:stone_pickaxe":1,"minecraft:wooden_axe":1,"minecraft:furnace":1,"minecraft:torch":4,"minecraft:birch_planks":76,"minecraft:air":0},"minecraft:used":{"minecraft:oak_log":29,"minecraft:wooden_axe":7,"minecraft:apple":1,"minecraft:iron_axe":36,"minecraft:stone_pickaxe":16,"minecraft:iron_pickaxe":77,"minecraft:wooden_pickaxe":3,"minecraft:torch":1,"minecraft:cobblestone":2,"minecraft:crafting_table":1,"minecraft:furnace":2,"minecraft:cooked_porkchop":3,"minecraft:birch_log":19},"minecraft:mined":{"minecraft:furnace":1,"minecraft:birch_log":19,"minecraft:iron_ore":20,"minecraft:torch":1,"minecraft:crafting_table":1,"minecraft:grass":1,"minecraft:coal_ore":47,"minecraft:oak_log":36,"minecraft:stone":28},"minecraft:dropped":{"minecraft:wooden_axe":1,"minecraft:stone_pickaxe":1,"minecraft:wooden_pickaxe":2},"minecraft:killed":{"minecraft:zombie":1,"minecraft:pig":7}},"DataVersion":2730}