{"stats":{"minecraft:picked_up":{"minecraft:raw_iron":16,"minecraft:stick":11,"minecraft:crafting_table":3,"minecraft:leather":1,"minecraft:torch":2,"minecraft:oak_log":22,"minecraft:spruce_log":17,"minecraft:dirt":2,"minecraft:arrow":4,"minecraft:rotten_flesh":2,"minecraft:granite":10,"minecraft:oak_sapling":9,"minecraft:coal":93,"minecraft:cobblestone":147},"minecraft:custom":{"minecraft:time_since_rest":16049,"minecraft:interact_with_furnace":4,"minecraft:sprint_one_cm":22978,"minecraft:damage_taken":145,"minecraft:walk_one_cm":31177,"minecraft:mob_kills":3,"minecraft:drop":2,"minecraft:damage_dealt":339,"minecraft:swim_one_cm":1208,"minecraft:interact_with_crafting_table":14,"minecraft:fly_one_cm":30205,"minecraft:crouch_one_cm":786,"minecraft:play_time":16049,"minecraft:sneak_time":933,"minecraft:walk_under_water_one_cm":120,"minecraft:jump":286,"minecraft:leave_game":1,"minecraft:time_since_death":16049,"minecraft:walk_on_water_one_cm":4933,"minecraft:total_world_time":16049,"minecraft:climb_one_cm":114,"minecraft:fall_one_cm":10298},"minecraft:crafted":{"minecraft:oak_planks":68,"vanillaplustools:stone_hammer":1,"minecraft:cooked_porkchop":4,"minecraft:crafting_table":1,"minecraft:spruce_planks":68,"minecraft:stick":32,"minecraft:wooden_pickaxe":1,"minecraft:stone_pickaxe":10,"minecraft:wooden_axe":1,"minecraft:stone_sword":1,"minecraft:furnace":1,"minecraft:oak_wood":15,"minecraft:torch":52,"minecraft:stone_axe":1},"minecraft:used":{"minecraft:wooden_axe":5,"minecraft:stone_sword":7,"minecraft:stone_pickaxe":117,"minecraft:wooden_pickaxe":4,"vanillaplustools:stone_hammer":14,"minecraft:stone_axe":4,"minecraft:torch":21,"minecraft:dirt":2,"minecraft:cobblestone":11,"minecraft:crafting_table":4,"minecraft:furnace":1,"minecraft:cooked_porkchop":2,"minecraft:spruce_log":16},"minecraft:mined":{"minecraft:iron_ore":16,"minecraft:spruce_log":17,"minecraft:crafting_table":3,"minecraft:granite":10,"minecraft:grass":1,"minecraft:oak_log":2,"minecraft:coal_ore":96,"minecraft:dirt":2,"minecraft:stone":110,"minecraft:wall_torch":1},"minecraft:dropped":{"minecraft:wooden_axe":1,"minecraft:wooden_pickaxe":1},"minecraft:killed":{"minecraft:skeleton":1,"minecraft:zombie":1,"minecraft:cow":1}},"DataVersion":2730}