{"stats":{"minecraft:picked_up":{"minecraft:stick":11,"minecraft:crafting_table":3,"minecraft:oak_log":22,"minecraft:spruce_log":17,"minecraft:dirt":2,"minecraft:oak_sapling":9,"minecraft:coal":1,"minecraft:cobblestone":22},"minecraft:custom":{"minecraft:time_since_rest":4198,"minecraft:sprint_one_cm":5750,"minecraft:damage_taken":30,"minecraft:walk_one_cm":2874,"minecraft:drop":2,"minecraft:interact_with_crafting_table":4,"minecraft:swim_one_cm":534,"minecraft:fly_one_cm":7474,"minecraft:crouch_one_cm":320,"minecraft:play_time":4198,"minecraft:sneak_time":244,"minecraft:walk_under_water_one_cm":56,"minecraft:jump":50,"minecraft:time_since_death":4198,"minecraft:walk_on_water_one_cm":4143,"minecraft:total_world_time":4198,"minecraft:fall_one_cm":1856},"minecraft:crafted":{"minecraft:oak_planks":68,"minecraft:crafting_table":1,"minecraft:stick":32,"minecraft:wooden_pickaxe":1,"minecraft:stone_pickaxe":1,"minecraft:wooden_axe":1,"minecraft:stone_sword":1,"minecraft:oak_wood":15,"minecraft:stone_axe":1},"minecraft:used":{"minecraft:wooden_axe":5,"minecraft:stone_pickaxe":22,"minecraft:wooden_pickaxe":4,"minecraft:stone_axe":1,"minecraft:dirt":2,"minecraft:cobblestone":2,"minecraft:crafting_table":3,"minecraft:spruce_log":16},"minecraft:mined":{"minecraft:spruce_log":17,"minecraft:crafting_table":3,"minecraft:oak_log":2,"minecraft:coal_ore":1,"minecraft:dirt":2,"minecraft:stone":23},"minecraft:dropped":{"minecraft:wooden_axe":1,"minecraft:wooden_pickaxe":1}},"DataVersion":2730}