{"stats":{"minecraft:custom":{"minecraft:interact_with_furnace":31,"minecraft:mob_kills":9,"minecraft:interact_with_crafting_table":24,"minecraft:leave_game":1,"minecraft:time_since_death":40049,"minecraft:sleep_in_bed":1,"minecraft:climb_one_cm":114,"minecraft:time_since_rest":5971,"minecraft:sprint_one_cm":70763,"minecraft:damage_taken":305,"minecraft:walk_one_cm":67793,"minecraft:drop":13,"minecraft:damage_dealt":883,"minecraft:swim_one_cm":4750,"minecraft:fly_one_cm":101201,"minecraft:open_chest":14,"minecraft:crouch_one_cm":787,"minecraft:play_time":40049,"minecraft:sneak_time":1007,"minecraft:walk_under_water_one_cm":2346,"minecraft:boat_one_cm":98234,"minecraft:jump":722,"minecraft:walk_on_water_one_cm":16019,"minecraft:total_world_time":40049,"minecraft:fall_one_cm":18925},"minecraft:picked_up":{"minecraft:crafting_table":5,"minecraft:feather":2,"minecraft:chicken":1,"minecraft:andesite":40,"minecraft:leather":1,"minecraft:flint":2,"minecraft:oak_log":22,"minecraft:dirt":2,"minecraft:raw_copper":41,"minecraft:furnace":2,"minecraft:stick":11,"minecraft:raw_iron":53,"minecraft:torch":5,"minecraft:gravel":4,"minecraft:white_bed":1,"minecraft:diorite":16,"minecraft:spruce_log":17,"minecraft:spider_eye":1,"minecraft:arrow":4,"minecraft:rotten_flesh":2,"minecraft:granite":23,"minecraft:oak_sapling":16,"minecraft:mutton":4,"minecraft:coal":177,"minecraft:white_wool":4,"minecraft:cobblestone":605},"minecraft:crafted":{"minecraft:oak_planks":68,"vanillaplustools:stone_hammer":1,"minecraft:cooked_porkchop":4,"minecraft:crafting_table":2,"minecraft:spruce_planks":68,"minecraft:cooked_chicken":1,"minecraft:wooden_pickaxe":1,"minecraft:iron_helmet":1,"minecraft:furnace":1,"minecraft:oak_wood":15,"extraarmor:spruce_wood_chestplate":1,"minecraft:stone_axe":1,"minecraft:cooked_mutton":4,"minecraft:air":0,"minecraft:iron_chestplate":1,"minecraft:iron_boots":1,"minecraft:stick":32,"minecraft:iron_ingot":34,"minecraft:iron_pickaxe":1,"minecraft:stone_pickaxe":10,"minecraft:wooden_axe":1,"minecraft:stone_sword":1,"minecraft:iron_leggings":1,"minecraft:white_bed":1,"minecraft:spruce_boat":1,"minecraft:torch":52},"minecraft:used":{"minecraft:cooked_mutton":1,"minecraft:diorite":8,"minecraft:stone_sword":25,"minecraft:stone_pickaxe":117,"minecraft:wooden_pickaxe":4,"vanillaplustools:stone_hammer":114,"minecraft:cooked_chicken":1,"minecraft:torch":51,"minecraft:dirt":2,"minecraft:crafting_table":6,"minecraft:white_bed":1,"minecraft:spruce_log":16,"minecraft:spruce_boat":1,"minecraft:wooden_axe":5,"minecraft:iron_pickaxe":2,"minecraft:gravel":4,"minecraft:stone_axe":4,"minecraft:cobblestone":42,"minecraft:furnace":2,"minecraft:cooked_porkchop":4},"minecraft:mined":{"minecraft:white_bed":1,"minecraft:crafting_table":5,"minecraft:torch":2,"minecraft:granite":23,"minecraft:copper_ore":16,"minecraft:cobblestone":3,"minecraft:diorite":16,"minecraft:wall_torch":1,"minecraft:furnace":2,"minecraft:iron_ore":58,"minecraft:spruce_log":17,"minecraft:andesite":48,"minecraft:grass":2,"minecraft:coal_ore":160,"minecraft:oak_log":2,"minecraft:gravel":6,"minecraft:dirt":2,"minecraft:stone":586,"minecraft:infested_stone":1},"minecraft:dropped":{"minecraft:rotten_flesh":2,"minecraft:wooden_axe":1,"minecraft:oak_sapling":9,"minecraft:wooden_pickaxe":1},"minecraft:killed":{"minecraft:sheep":4,"minecraft:skeleton":1,"minecraft:zombie":1,"minecraft:chicken":1,"minecraft:silverfish":1,"minecraft:cow":1}},"DataVersion":2730}