{"stats":{"minecraft:broken":{"minecraft:stone_sword":1,"vanillaplustools:stone_hammer":1,"minecraft:stone_axe":1},"minecraft:picked_up":{"minecraft:crafting_table":6,"minecraft:chicken":7,"minecraft:string":3,"minecraft:raw_copper":54,"minecraft:cobbled_deepslate":1,"minecraft:beef":7,"minecraft:oak_boat":1,"minecraft:poppy":2,"minecraft:egg":3,"minecraft:furnace":2,"minecraft:raw_iron":175,"minecraft:stick":27,"minecraft:sandstone":7,"minecraft:torch":10,"minecraft:porkchop":7,"minecraft:diorite":25,"minecraft:redstone":45,"minecraft:arrow":10,"minecraft:rotten_flesh":13,"minecraft:obsidian":6,"minecraft:mutton":5,"minecraft:white_wool":5,"minecraft:rail":5,"minecraft:cobblestone":797,"minecraft:feather":8,"minecraft:cooked_beef":3,"minecraft:glow_ink_sac":2,"minecraft:andesite":40,"minecraft:leather":5,"minecraft:flint":2,"minecraft:tuff":8,"minecraft:oak_log":22,"minecraft:yellow_bed":1,"simplybackpacks:commonbackpack":1,"minecraft:lapis_lazuli":105,"minecraft:dirt":10,"minecraft:bone":6,"minecraft:bow":2,"minecraft:wheat_seeds":3,"minecraft:raw_gold":21,"minecraft:oak_fence_gate":1,"minecraft:iron_ingot":13,"minecraft:cooked_chicken":6,"minecraft:oak_planks":6,"minecraft:cooked_porkchop":6,"minecraft:dandelion":2,"minecraft:gravel":8,"minecraft:blast_furnace":4,"minecraft:white_bed":7,"minecraft:spruce_log":17,"minecraft:spider_eye":2,"minecraft:diamond":6,"minecraft:spruce_boat":1,"minecraft:granite":34,"minecraft:oak_sapling":16,"minecraft:coal":307},"minecraft:custom":{"minecraft:mob_kills":55,"minecraft:interact_with_crafting_table":33,"minecraft:bell_ring":4,"minecraft:leave_game":5,"minecraft:time_since_death":26940,"minecraft:climb_one_cm":1470,"minecraft:sprint_one_cm":404817,"minecraft:walk_one_cm":251728,"minecraft:drop":25,"minecraft:talked_to_villager":45,"minecraft:play_time":150691,"minecraft:deaths":5,"minecraft:sneak_time":4712,"minecraft:walk_under_water_one_cm":8962,"minecraft:boat_one_cm":150159,"minecraft:jump":2700,"minecraft:interact_with_blast_furnace":26,"minecraft:walk_on_water_one_cm":45703,"minecraft:total_world_time":150691,"minecraft:interact_with_furnace":43,"minecraft:interact_with_grindstone":1,"minecraft:sleep_in_bed":5,"minecraft:time_since_rest":26967,"minecraft:damage_taken":3229,"minecraft:damage_dealt":8994,"minecraft:player_kills":1,"minecraft:fly_one_cm":448887,"minecraft:swim_one_cm":13345,"minecraft:open_chest":35,"minecraft:crouch_one_cm":9487,"minecraft:fall_one_cm":69099},"minecraft:killed_by":{"minecraft:creeper":2,"minecraft:iron_golem":1},"minecraft:killed":{"minecraft:spider":2,"minecraft:skeleton":7,"minecraft:chicken":7,"minecraft:silverfish":1,"minecraft:pig":3,"minecraft:iron_golem":1,"minecraft:bat":1,"minecraft:creeper":1,"minecraft:sheep":5,"minecraft:zombie":18,"minecraft:cow":4},"minecraft:crafted":{"minecraft:oak_planks":68,"vanillaplustools:stone_hammer":1,"minecraft:cooked_chicken":1,"minecraft:furnace":1,"minecraft:cooked_mutton":5,"minecraft:iron_boots":1,"minecraft:iron_axe":1,"minecraft:stone_pickaxe":10,"minecraft:spruce_boat":1,"minecraft:cooked_porkchop":10,"minecraft:crafting_table":2,"minecraft:spruce_planks":68,"minecraft:wooden_pickaxe":1,"minecraft:iron_helmet":1,"minecraft:iron_sword":1,"extraarmor:spruce_wood_chestplate":1,"minecraft:oak_wood":15,"minecraft:stone_axe":1,"minecraft:air":0,"minecraft:iron_chestplate":1,"minecraft:diamond_pickaxe":1,"minecraft:stick":44,"minecraft:iron_ingot":99,"minecraft:iron_pickaxe":2,"minecraft:wooden_axe":1,"minecraft:stone_sword":1,"minecraft:iron_leggings":1,"minecraft:white_bed":1,"minecraft:torch":136},"minecraft:used":{"minecraft:stone_sword":132,"minecraft:iron_sword":40,"vanillaplustools:stone_hammer":128,"minecraft:cooked_chicken":7,"simpletomb:grave_key":2,"minecraft:torch":131,"minecraft:dirt":7,"minecraft:spruce_boat":1,"minecraft:wooden_axe":5,"minecraft:iron_axe":1,"minecraft:bow":2,"minecraft:furnace":3,"minecraft:egg":3,"minecraft:cooked_beef":3,"minecraft:cooked_mutton":5,"minecraft:diorite":8,"minecraft:stone_pickaxe":117,"minecraft:wooden_pickaxe":4,"minecraft:crafting_table":6,"minecraft:blast_furnace":2,"minecraft:white_bed":8,"minecraft:spruce_log":16,"minecraft:diamond_pickaxe":143,"minecraft:iron_pickaxe":213,"minecraft:gravel":4,"minecraft:stone_axe":83,"minecraft:cobblestone":174,"minecraft:cooked_porkchop":16,"minecraft:yellow_bed":1,"minecraft:oak_boat":1},"minecraft:mined":{"minecraft:diamond_ore":6,"minecraft:tuff":12,"minecraft:white_bed":7,"minecraft:obsidian":9,"minecraft:granite":31,"minecraft:grass_block":4,"minecraft:sandstone":1,"minecraft:redstone_ore":7,"minecraft:furnace":2,"minecraft:iron_ore":177,"minecraft:andesite":48,"minecraft:stone":751,"minecraft:deepslate_redstone_ore":3,"minecraft:crafting_table":6,"minecraft:torch":5,"minecraft:blast_furnace":4,"minecraft:tall_grass":2,"minecraft:copper_ore":20,"minecraft:cobblestone":6,"minecraft:lapis_ore":14,"minecraft:oak_planks":8,"minecraft:diorite":23,"minecraft:wall_torch":4,"minecraft:spruce_log":17,"minecraft:yellow_bed":1,"minecraft:grass":18,"minecraft:coal_ore":204,"minecraft:oak_log":2,"minecraft:oak_fence_gate":1,"minecraft:gravel":7,"minecraft:dirt":5,"minecraft:cobweb":2,"minecraft:gold_ore":21,"minecraft:deepslate":2,"minecraft:fern":1,"minecraft:infested_stone":1},"minecraft:dropped":{"minecraft:crafting_table":1,"minecraft:leather":4,"minecraft:coal":31,"minecraft:dirt":1,"minecraft:wooden_axe":1,"minecraft:iron_pickaxe":1,"minecraft:dandelion":2,"minecraft:rotten_flesh":7,"minecraft:oak_planks":64,"minecraft:oak_sapling":9,"minecraft:bow":1,"minecraft:wooden_pickaxe":1}},"DataVersion":2730}