{"stats":{"minecraft:broken":{"minecraft:iron_shovel":1,"minecraft:stone_sword":1,"minecraft:iron_boots":1,"minecraft:iron_chestplate":1,"minecraft:iron_leggings":2,"minecraft:flint_and_steel":1,"vanillaplustools:stone_hammer":1,"minecraft:stone_axe":1,"minecraft:iron_helmet":1},"minecraft:picked_up":{"minecraft:crafting_table":6,"minecraft:iron_chestplate":1,"minecraft:azure_bluet":1,"minecraft:chicken":40,"ava:mosin_nagant_sumire":3,"ava:shotgun_ammo":128,"ava:sg556_black_widow":1,"ava:gm94_grenade":64,"ava:regular_pistol_magazine":131,"minecraft:golden_sword":1,"minecraft:string":11,"minecraft:raw_copper":54,"minecraft:iron_leggings":1,"minecraft:blackstone":3,"minecraft:gold_nugget":65,"minecraft:cobbled_deepslate":1,"minecraft:beef":7,"minecraft:oak_boat":1,"minecraft:poppy":2,"minecraft:enchanted_golden_apple":128,"minecraft:end_stone":4,"minecraft:furnace":2,"minecraft:egg":22,"minecraft:stick":27,"minecraft:raw_iron":225,"minecraft:sandstone":7,"ava:nrf_standard_boots":1,"minecraft:oak_fence":2,"minecraft:torch":20,"ava:m4a1_xplorer":1,"ava:gm94":2,"minecraft:porkchop":7,"ava:regular_sniper_magazine":64,"minecraft:diorite":25,"minecraft:redstone":45,"ava:python357_gold":2,"minecraft:arrow":10,"minecraft:rotten_flesh":14,"ava:nrf_standard_trousers":1,"minecraft:nether_bricks":11,"ava:nrf_standard_kevlar":1,"ava:mk18_air_warfare":1,"ava:eu_standard_helmet":1,"minecraft:blaze_rod":1,"minecraft:obsidian":8,"minecraft:mutton":7,"minecraft:rail":5,"minecraft:white_wool":10,"minecraft:cobblestone":837,"minecraft:magma_block":1,"minecraft:cooked_beef":3,"minecraft:feather":19,"minecraft:basalt":62,"minecraft:glow_ink_sac":9,"minecraft:andesite":40,"minecraft:leather":5,"ava:small_pistol_magazine":128,"minecraft:flint":2,"minecraft:tuff":8,"minecraft:oak_log":22,"minecraft:yellow_bed":2,"minecraft:gunpowder":2,"simpletomb:grave_key":2,"simplybackpacks:commonbackpack":2,"minecraft:lapis_lazuli":160,"minecraft:dirt":170,"ava:small_sniper_magazine":64,"minecraft:bone":10,"ava:regular_rifle_magazine":65,"ava:fg42_dreamcatcher":2,"ava:x95r_aube":1,"minecraft:bow":2,"minecraft:wheat_seeds":5,"minecraft:iron_ingot":18,"minecraft:raw_gold":21,"minecraft:bell":1,"minecraft:oak_fence_gate":5,"minecraft:cooked_chicken":6,"ava:sniper_ammo":64,"minecraft:stripped_oak_wood":1,"ava:small_sub_machinegun_magazine":187,"minecraft:oak_planks":6,"minecraft:cooked_porkchop":6,"ava:regular_sub_machinegun_magazine":129,"minecraft:quartz":13,"minecraft:dandelion":7,"minecraft:lava_bucket":1,"minecraft:gravel":8,"minecraft:ink_sac":21,"minecraft:blast_furnace":4,"minecraft:white_bed":9,"minecraft:spruce_log":17,"minecraft:spider_eye":2,"minecraft:mossy_cobblestone":3,"minecraft:diamond":6,"minecraft:spruce_boat":1,"minecraft:iron_helmet":1,"minecraft:granite":36,"ava:small_rifle_magazine":128,"ava:pistol_ammo":128,"ava:beretta_92fs_barbatos":1,"minecraft:bread":29,"ava:sr_2m_veresk_sumire":1,"minecraft:oak_sapling":16,"minecraft:netherrack":41,"minecraft:coal":311,"minecraft:ender_pearl":32},"minecraft:custom":{"minecraft:mob_kills":191,"minecraft:interact_with_crafting_table":36,"minecraft:bell_ring":4,"minecraft:leave_game":12,"minecraft:time_since_death":7359,"minecraft:damage_resisted":1130,"minecraft:climb_one_cm":3684,"minecraft:sprint_one_cm":716962,"minecraft:walk_one_cm":897934,"minecraft:drop":141,"minecraft:talked_to_villager":57,"minecraft:play_time":265816,"minecraft:deaths":38,"minecraft:sneak_time":8764,"minecraft:walk_under_water_one_cm":11979,"minecraft:boat_one_cm":150159,"minecraft:jump":4945,"minecraft:interact_with_blast_furnace":26,"minecraft:walk_on_water_one_cm":72799,"minecraft:total_world_time":265816,"minecraft:interact_with_furnace":52,"minecraft:interact_with_grindstone":1,"minecraft:sleep_in_bed":10,"minecraft:time_since_rest":7417,"minecraft:damage_taken":20718,"minecraft:damage_absorbed":2715,"minecraft:damage_dealt":78406,"minecraft:player_kills":22,"minecraft:swim_one_cm":16379,"minecraft:fly_one_cm":1450310,"minecraft:open_chest":73,"minecraft:crouch_one_cm":20964,"minecraft:fall_one_cm":134216},"minecraft:killed_by":{"minecraft:player":23,"minecraft:wither_skeleton":4,"minecraft:creeper":2,"minecraft:iron_golem":2,"minecraft:blaze":1},"minecraft:killed":{"minecraft:spider":3,"minecraft:wither":3,"minecraft:skeleton":9,"minecraft:horse":1,"minecraft:chicken":7,"minecraft:silverfish":1,"minecraft:pig":3,"minecraft:iron_golem":2,"minecraft:ender_dragon":1,"minecraft:bat":12,"minecraft:creeper":3,"minecraft:sheep":5,"minecraft:zombie":21,"minecraft:wither_skeleton":6,"minecraft:villager":1,"minecraft:enderman":91,"minecraft:cow":5,"minecraft:blaze":1},"minecraft:crafted":{"minecraft:oak_planks":68,"vanillaplustools:stone_hammer":1,"minecraft:cooked_chicken":1,"minecraft:furnace":1,"minecraft:cooked_mutton":5,"minecraft:iron_boots":1,"minecraft:iron_axe":1,"minecraft:stone_pickaxe":10,"minecraft:spruce_boat":1,"minecraft:cooked_porkchop":10,"minecraft:crafting_table":2,"minecraft:spruce_planks":68,"minecraft:wooden_pickaxe":1,"minecraft:iron_helmet":1,"minecraft:iron_sword":1,"minecraft:bucket":1,"extraarmor:spruce_wood_chestplate":1,"minecraft:oak_wood":15,"minecraft:stone_axe":1,"minecraft:air":0,"minecraft:iron_chestplate":1,"minecraft:diamond_pickaxe":1,"minecraft:stick":44,"minecraft:iron_ingot":106,"minecraft:iron_pickaxe":2,"minecraft:wooden_axe":1,"minecraft:stone_sword":1,"minecraft:iron_leggings":1,"minecraft:white_bed":1,"minecraft:torch":136},"minecraft:used":{"minecraft:stone_sword":132,"minecraft:iron_shovel":196,"minecraft:flint_and_steel":64,"minecraft:iron_sword":98,"vanillaplustools:stone_hammer":128,"minecraft:cooked_chicken":7,"minecraft:netherrack":38,"simpletomb:grave_key":67,"minecraft:torch":136,"minecraft:dirt":39,"minecraft:nether_bricks":4,"minecraft:obsidian":2,"minecraft:wooden_axe":5,"minecraft:spruce_boat":1,"minecraft:lava_bucket":2,"minecraft:iron_axe":75,"minecraft:basalt":21,"minecraft:bow":2,"minecraft:furnace":3,"minecraft:egg":4,"minecraft:cooked_beef":3,"minecraft:potato":8,"minecraft:enchanted_golden_apple":24,"minecraft:cooked_mutton":5,"minecraft:diorite":8,"minecraft:stone_pickaxe":117,"minecraft:ender_pearl":12,"minecraft:wooden_pickaxe":4,"minecraft:blast_furnace":2,"minecraft:crafting_table":6,"minecraft:white_bed":9,"minecraft:spruce_log":16,"minecraft:diamond_pickaxe":496,"minecraft:apple":3,"minecraft:bread":29,"minecraft:iron_pickaxe":213,"minecraft:gravel":4,"minecraft:stone_axe":83,"minecraft:cobblestone":195,"minecraft:cooked_porkchop":16,"minecraft:bucket":3,"minecraft:yellow_bed":2,"minecraft:oak_boat":1,"minecraft:dandelion":1},"minecraft:mined":{"minecraft:nether_gold_ore":17,"minecraft:diamond_ore":6,"minecraft:tuff":12,"minecraft:white_bed":12,"minecraft:mossy_cobblestone":3,"minecraft:obsidian":11,"minecraft:nether_bricks":13,"minecraft:granite":33,"minecraft:grass_block":97,"minecraft:sandstone":1,"minecraft:magma_block":4,"minecraft:redstone_ore":7,"minecraft:furnace":2,"minecraft:iron_ore":177,"minecraft:fire":1,"minecraft:andesite":48,"minecraft:bell":1,"minecraft:dirt_path":38,"minecraft:stone":766,"minecraft:deepslate_redstone_ore":3,"minecraft:glass_pane":1,"minecraft:blackstone":13,"minecraft:basalt":81,"minecraft:dandelion":1,"minecraft:oak_fence":2,"minecraft:crafting_table":6,"minecraft:torch":8,"minecraft:blast_furnace":4,"minecraft:nether_quartz_ore":15,"minecraft:tall_grass":7,"minecraft:copper_ore":20,"minecraft:cobblestone":40,"minecraft:lapis_ore":14,"minecraft:oak_planks":8,"minecraft:diorite":23,"minecraft:wall_torch":6,"bno:netheriron_ore":52,"minecraft:spruce_log":17,"minecraft:stripped_oak_wood":1,"minecraft:yellow_bed":5,"minecraft:grass":43,"minecraft:oak_log":2,"minecraft:coal_ore":204,"bno:nethercoal_ore":4,"minecraft:oak_fence_gate":5,"bno:netherlapis_ore":8,"minecraft:gravel":7,"minecraft:dirt":108,"minecraft:cobweb":2,"minecraft:netherrack":46,"minecraft:gold_ore":21,"minecraft:deepslate":2,"minecraft:infested_stone":1,"minecraft:fern":1},"minecraft:dropped":{"minecraft:iron_ingot":4,"minecraft:iron_sword":1,"minecraft:wheat_seeds":2,"minecraft:glow_ink_sac":7,"ava:fg42_dreamcatcher":1,"minecraft:mossy_cobblestone":3,"minecraft:crafting_table":1,"simpletomb:grave_key":1,"minecraft:oak_fence":2,"minecraft:iron_helmet":1,"minecraft:cobblestone":22,"minecraft:apple":1,"minecraft:leather":4,"minecraft:granite":2,"minecraft:coal":31,"ava:gm94":2,"minecraft:dirt":142,"minecraft:ink_sac":21,"minecraft:torch":20,"minecraft:mutton":2,"minecraft:wooden_axe":1,"minecraft:iron_axe":1,"minecraft:stripped_oak_wood":1,"minecraft:iron_pickaxe":1,"minecraft:string":1,"minecraft:white_wool":5,"ava:gm94_grenade":18,"minecraft:dandelion":5,"minecraft:chicken":33,"minecraft:rotten_flesh":8,"minecraft:oak_planks":64,"minecraft:end_stone":4,"minecraft:azure_bluet":1,"minecraft:white_bed":1,"minecraft:oak_fence_gate":4,"minecraft:gunpowder":2,"minecraft:diamond_pickaxe":1,"minecraft:iron_chestplate":1,"ava:regular_pistol_magazine":1,"minecraft:oak_sapling":9,"minecraft:golden_sword":1,"minecraft:bow":2,"minecraft:wooden_pickaxe":1,"minecraft:bell":1,"minecraft:egg":31}},"DataVersion":2730}