{"stats":{"minecraft:broken":{"minecraft:iron_shovel":1,"minecraft:stone_sword":1,"minecraft:iron_boots":1,"minecraft:iron_chestplate":1,"minecraft:iron_leggings":2,"minecraft:flint_and_steel":1,"vanillaplustools:stone_hammer":1,"minecraft:stone_axe":1,"minecraft:iron_helmet":1},"minecraft:picked_up":{"minecraft:crafting_table":6,"minecraft:iron_chestplate":1,"minecraft:azure_bluet":1,"minecraft:chicken":7,"ava:gm94_grenade":64,"minecraft:golden_sword":1,"minecraft:string":5,"minecraft:raw_copper":54,"minecraft:iron_leggings":1,"minecraft:blackstone":3,"minecraft:gold_nugget":65,"minecraft:cobbled_deepslate":1,"minecraft:beef":7,"minecraft:oak_boat":1,"minecraft:poppy":2,"minecraft:furnace":2,"minecraft:egg":4,"minecraft:stick":27,"minecraft:raw_iron":225,"minecraft:sandstone":7,"ava:nrf_standard_boots":1,"minecraft:oak_fence":2,"minecraft:torch":19,"ava:gm94":1,"minecraft:porkchop":7,"minecraft:diorite":25,"minecraft:redstone":45,"minecraft:arrow":10,"minecraft:rotten_flesh":13,"ava:nrf_standard_trousers":1,"minecraft:nether_bricks":11,"ava:nrf_standard_kevlar":1,"ava:eu_standard_helmet":1,"minecraft:blaze_rod":1,"minecraft:obsidian":8,"minecraft:mutton":7,"minecraft:rail":5,"minecraft:white_wool":5,"minecraft:cobblestone":835,"minecraft:magma_block":1,"minecraft:cooked_beef":3,"minecraft:feather":8,"minecraft:basalt":62,"minecraft:glow_ink_sac":2,"minecraft:andesite":40,"minecraft:leather":5,"minecraft:flint":2,"minecraft:tuff":8,"minecraft:oak_log":22,"minecraft:yellow_bed":1,"simpletomb:grave_key":2,"simplybackpacks:commonbackpack":1,"minecraft:lapis_lazuli":160,"minecraft:dirt":170,"minecraft:bone":10,"minecraft:bow":2,"minecraft:wheat_seeds":5,"minecraft:iron_ingot":18,"minecraft:raw_gold":21,"minecraft:bell":1,"minecraft:oak_fence_gate":5,"minecraft:cooked_chicken":6,"minecraft:stripped_oak_wood":1,"minecraft:oak_planks":6,"minecraft:cooked_porkchop":6,"minecraft:quartz":13,"minecraft:dandelion":2,"minecraft:gravel":8,"minecraft:blast_furnace":4,"minecraft:white_bed":9,"minecraft:spruce_log":17,"minecraft:spider_eye":2,"minecraft:mossy_cobblestone":2,"minecraft:diamond":6,"minecraft:spruce_boat":1,"minecraft:iron_helmet":1,"minecraft:granite":36,"minecraft:bread":29,"minecraft:oak_sapling":16,"minecraft:netherrack":41,"minecraft:coal":311},"minecraft:custom":{"minecraft:mob_kills":65,"minecraft:interact_with_crafting_table":36,"minecraft:bell_ring":4,"minecraft:leave_game":11,"minecraft:time_since_death":3428,"minecraft:climb_one_cm":2317,"minecraft:sprint_one_cm":665789,"minecraft:walk_one_cm":440010,"minecraft:drop":39,"minecraft:talked_to_villager":57,"minecraft:play_time":237183,"minecraft:deaths":31,"minecraft:sneak_time":8258,"minecraft:walk_under_water_one_cm":11979,"minecraft:boat_one_cm":150159,"minecraft:jump":4616,"minecraft:interact_with_blast_furnace":26,"minecraft:walk_on_water_one_cm":72214,"minecraft:total_world_time":237183,"minecraft:interact_with_furnace":52,"minecraft:interact_with_grindstone":1,"minecraft:sleep_in_bed":10,"minecraft:time_since_rest":3452,"minecraft:damage_taken":13744,"minecraft:damage_dealt":17512,"minecraft:player_kills":14,"minecraft:swim_one_cm":16379,"minecraft:fly_one_cm":702431,"minecraft:open_chest":73,"minecraft:crouch_one_cm":17384,"minecraft:fall_one_cm":117405},"minecraft:killed_by":{"minecraft:player":16,"minecraft:wither_skeleton":4,"minecraft:creeper":2,"minecraft:iron_golem":2,"minecraft:blaze":1},"minecraft:killed":{"minecraft:spider":2,"minecraft:skeleton":7,"minecraft:horse":1,"minecraft:chicken":7,"minecraft:silverfish":1,"minecraft:pig":3,"minecraft:iron_golem":2,"minecraft:bat":1,"minecraft:creeper":2,"minecraft:sheep":5,"minecraft:zombie":18,"minecraft:wither_skeleton":6,"minecraft:cow":4,"minecraft:blaze":1},"minecraft:crafted":{"minecraft:oak_planks":68,"vanillaplustools:stone_hammer":1,"minecraft:cooked_chicken":1,"minecraft:furnace":1,"minecraft:cooked_mutton":5,"minecraft:iron_boots":1,"minecraft:iron_axe":1,"minecraft:stone_pickaxe":10,"minecraft:spruce_boat":1,"minecraft:cooked_porkchop":10,"minecraft:crafting_table":2,"minecraft:spruce_planks":68,"minecraft:wooden_pickaxe":1,"minecraft:iron_helmet":1,"minecraft:iron_sword":1,"minecraft:bucket":1,"extraarmor:spruce_wood_chestplate":1,"minecraft:oak_wood":15,"minecraft:stone_axe":1,"minecraft:air":0,"minecraft:iron_chestplate":1,"minecraft:diamond_pickaxe":1,"minecraft:stick":44,"minecraft:iron_ingot":106,"minecraft:iron_pickaxe":2,"minecraft:wooden_axe":1,"minecraft:stone_sword":1,"minecraft:iron_leggings":1,"minecraft:white_bed":1,"minecraft:torch":136},"minecraft:used":{"minecraft:stone_sword":132,"minecraft:iron_shovel":196,"minecraft:flint_and_steel":64,"minecraft:iron_sword":98,"vanillaplustools:stone_hammer":128,"minecraft:cooked_chicken":7,"minecraft:netherrack":38,"simpletomb:grave_key":65,"minecraft:torch":136,"minecraft:dirt":39,"minecraft:nether_bricks":4,"minecraft:obsidian":2,"minecraft:wooden_axe":5,"minecraft:spruce_boat":1,"minecraft:lava_bucket":1,"minecraft:iron_axe":75,"minecraft:basalt":21,"minecraft:bow":2,"minecraft:furnace":3,"minecraft:egg":4,"minecraft:cooked_beef":3,"minecraft:potato":8,"minecraft:cooked_mutton":5,"minecraft:diorite":8,"minecraft:stone_pickaxe":117,"minecraft:wooden_pickaxe":4,"minecraft:blast_furnace":2,"minecraft:crafting_table":6,"minecraft:white_bed":8,"minecraft:spruce_log":16,"minecraft:diamond_pickaxe":491,"minecraft:apple":3,"minecraft:bread":29,"minecraft:iron_pickaxe":213,"minecraft:gravel":4,"minecraft:stone_axe":83,"minecraft:cobblestone":194,"minecraft:cooked_porkchop":16,"minecraft:bucket":2,"minecraft:yellow_bed":1,"minecraft:oak_boat":1},"minecraft:mined":{"minecraft:nether_gold_ore":17,"minecraft:diamond_ore":6,"minecraft:tuff":12,"minecraft:white_bed":12,"minecraft:mossy_cobblestone":2,"minecraft:obsidian":11,"minecraft:nether_bricks":13,"minecraft:granite":33,"minecraft:grass_block":97,"minecraft:sandstone":1,"minecraft:magma_block":4,"minecraft:redstone_ore":7,"minecraft:furnace":2,"minecraft:iron_ore":177,"minecraft:fire":1,"minecraft:andesite":48,"minecraft:bell":1,"minecraft:dirt_path":38,"minecraft:stone":766,"minecraft:deepslate_redstone_ore":3,"minecraft:glass_pane":1,"minecraft:blackstone":13,"minecraft:basalt":81,"minecraft:oak_fence":2,"minecraft:crafting_table":6,"minecraft:torch":8,"minecraft:blast_furnace":4,"minecraft:nether_quartz_ore":15,"minecraft:tall_grass":6,"minecraft:copper_ore":20,"minecraft:cobblestone":37,"minecraft:lapis_ore":14,"minecraft:oak_planks":8,"minecraft:diorite":23,"minecraft:wall_torch":5,"bno:netheriron_ore":52,"minecraft:spruce_log":17,"minecraft:stripped_oak_wood":1,"minecraft:yellow_bed":3,"minecraft:grass":40,"minecraft:oak_log":2,"minecraft:coal_ore":204,"bno:nethercoal_ore":4,"minecraft:oak_fence_gate":5,"bno:netherlapis_ore":8,"minecraft:gravel":7,"minecraft:dirt":108,"minecraft:cobweb":2,"minecraft:netherrack":46,"minecraft:gold_ore":21,"minecraft:deepslate":2,"minecraft:infested_stone":1,"minecraft:fern":1},"minecraft:dropped":{"minecraft:iron_sword":1,"minecraft:crafting_table":1,"simpletomb:grave_key":1,"minecraft:leather":4,"minecraft:coal":31,"ava:gm94":1,"minecraft:dirt":10,"minecraft:wooden_axe":1,"minecraft:iron_pickaxe":1,"minecraft:dandelion":2,"minecraft:rotten_flesh":7,"minecraft:oak_planks":64,"minecraft:azure_bluet":1,"minecraft:iron_chestplate":1,"minecraft:oak_sapling":9,"minecraft:bow":1,"minecraft:wooden_pickaxe":1}},"DataVersion":2730}