{"stats":{"minecraft:custom":{"minecraft:interact_with_furnace":31,"minecraft:mob_kills":14,"minecraft:interact_with_crafting_table":24,"minecraft:leave_game":2,"minecraft:time_since_death":7449,"minecraft:sleep_in_bed":1,"minecraft:climb_one_cm":114,"minecraft:time_since_rest":7483,"minecraft:sprint_one_cm":99753,"minecraft:damage_taken":732,"minecraft:walk_one_cm":88130,"minecraft:drop":13,"minecraft:damage_dealt":1998,"minecraft:swim_one_cm":4750,"minecraft:fly_one_cm":142416,"minecraft:open_chest":14,"minecraft:crouch_one_cm":2300,"minecraft:play_time":50903,"minecraft:deaths":1,"minecraft:sneak_time":1576,"minecraft:walk_under_water_one_cm":2346,"minecraft:boat_one_cm":114811,"minecraft:jump":982,"minecraft:walk_on_water_one_cm":17759,"minecraft:total_world_time":50903,"minecraft:fall_one_cm":27314},"minecraft:picked_up":{"minecraft:crafting_table":5,"minecraft:feather":2,"minecraft:chicken":1,"minecraft:andesite":40,"minecraft:leather":1,"minecraft:flint":2,"minecraft:oak_log":22,"minecraft:string":1,"minecraft:dirt":3,"minecraft:raw_copper":45,"minecraft:bone":2,"minecraft:furnace":2,"minecraft:stick":11,"minecraft:raw_iron":117,"minecraft:cooked_porkchop":6,"minecraft:torch":5,"minecraft:gravel":4,"minecraft:white_bed":1,"minecraft:diorite":16,"minecraft:spruce_log":17,"minecraft:spider_eye":2,"minecraft:arrow":6,"minecraft:rotten_flesh":6,"minecraft:spruce_boat":1,"minecraft:granite":29,"minecraft:oak_sapling":16,"minecraft:mutton":4,"minecraft:coal":181,"minecraft:white_wool":4,"minecraft:cobblestone":685},"minecraft:crafted":{"minecraft:oak_planks":68,"vanillaplustools:stone_hammer":1,"minecraft:cooked_porkchop":4,"minecraft:crafting_table":2,"minecraft:spruce_planks":68,"minecraft:cooked_chicken":1,"minecraft:wooden_pickaxe":1,"minecraft:iron_helmet":1,"minecraft:furnace":1,"minecraft:oak_wood":15,"extraarmor:spruce_wood_chestplate":1,"minecraft:stone_axe":1,"minecraft:cooked_mutton":4,"minecraft:air":0,"minecraft:iron_chestplate":1,"minecraft:iron_boots":1,"minecraft:stick":32,"minecraft:iron_ingot":34,"minecraft:iron_pickaxe":1,"minecraft:stone_pickaxe":10,"minecraft:wooden_axe":1,"minecraft:stone_sword":1,"minecraft:iron_leggings":1,"minecraft:white_bed":1,"minecraft:spruce_boat":1,"minecraft:torch":52},"minecraft:used":{"minecraft:cooked_mutton":4,"minecraft:diorite":8,"minecraft:stone_sword":52,"minecraft:stone_pickaxe":117,"minecraft:wooden_pickaxe":4,"vanillaplustools:stone_hammer":127,"minecraft:cooked_chicken":1,"minecraft:torch":51,"minecraft:dirt":2,"minecraft:crafting_table":6,"minecraft:white_bed":1,"minecraft:spruce_log":16,"minecraft:spruce_boat":1,"minecraft:wooden_axe":5,"minecraft:iron_pickaxe":55,"minecraft:gravel":4,"minecraft:stone_axe":4,"minecraft:cobblestone":63,"minecraft:furnace":2,"minecraft:cooked_porkchop":4},"minecraft:mined":{"minecraft:white_bed":1,"minecraft:crafting_table":5,"minecraft:torch":2,"minecraft:granite":29,"minecraft:copper_ore":20,"minecraft:cobblestone":4,"minecraft:diorite":16,"minecraft:wall_torch":1,"minecraft:furnace":2,"minecraft:iron_ore":118,"minecraft:spruce_log":17,"minecraft:andesite":48,"minecraft:grass":2,"minecraft:coal_ore":164,"minecraft:oak_log":2,"minecraft:gravel":6,"minecraft:dirt":2,"minecraft:stone":666,"minecraft:infested_stone":1},"minecraft:dropped":{"minecraft:rotten_flesh":2,"minecraft:wooden_axe":1,"minecraft:oak_sapling":9,"minecraft:wooden_pickaxe":1},"minecraft:killed":{"minecraft:spider":1,"minecraft:sheep":4,"minecraft:skeleton":4,"minecraft:zombie":2,"minecraft:chicken":1,"minecraft:silverfish":1,"minecraft:cow":1}},"DataVersion":2730}