{"stats":{"minecraft:broken":{"vanillaplustools:stone_hammer":1},"minecraft:picked_up":{"minecraft:crafting_table":6,"minecraft:feather":8,"minecraft:cooked_beef":3,"minecraft:chicken":7,"minecraft:andesite":40,"minecraft:leather":5,"minecraft:flint":2,"minecraft:oak_log":22,"minecraft:yellow_bed":1,"simplybackpacks:commonbackpack":1,"minecraft:dirt":9,"minecraft:string":1,"minecraft:raw_copper":54,"minecraft:bone":6,"minecraft:bow":1,"minecraft:wheat_seeds":3,"minecraft:cooked_chicken":6,"minecraft:iron_ingot":10,"minecraft:beef":7,"minecraft:oak_fence_gate":1,"minecraft:oak_boat":1,"minecraft:poppy":2,"minecraft:furnace":2,"minecraft:egg":3,"minecraft:stick":11,"minecraft:raw_iron":139,"minecraft:sandstone":7,"minecraft:cooked_porkchop":6,"minecraft:torch":8,"minecraft:dandelion":2,"minecraft:gravel":4,"minecraft:porkchop":7,"minecraft:blast_furnace":4,"minecraft:diorite":20,"minecraft:white_bed":7,"minecraft:spruce_log":17,"minecraft:spider_eye":2,"minecraft:arrow":7,"minecraft:rotten_flesh":7,"minecraft:spruce_boat":1,"minecraft:granite":33,"minecraft:oak_sapling":16,"minecraft:mutton":5,"minecraft:coal":268,"minecraft:white_wool":5,"minecraft:cobblestone":747},"minecraft:custom":{"minecraft:interact_with_furnace":43,"minecraft:mob_kills":35,"minecraft:interact_with_crafting_table":28,"minecraft:bell_ring":4,"minecraft:interact_with_grindstone":1,"minecraft:leave_game":5,"minecraft:time_since_death":22958,"minecraft:sleep_in_bed":5,"minecraft:climb_one_cm":1470,"minecraft:time_since_rest":22985,"minecraft:sprint_one_cm":274732,"minecraft:damage_taken":1918,"minecraft:walk_one_cm":188539,"minecraft:drop":20,"minecraft:damage_dealt":5065,"minecraft:swim_one_cm":13345,"minecraft:talked_to_villager":45,"minecraft:fly_one_cm":385016,"minecraft:open_chest":35,"minecraft:crouch_one_cm":4536,"minecraft:play_time":120691,"minecraft:sneak_time":2627,"minecraft:deaths":3,"minecraft:walk_under_water_one_cm":8863,"minecraft:boat_one_cm":150159,"minecraft:jump":2120,"minecraft:interact_with_blast_furnace":26,"minecraft:walk_on_water_one_cm":27153,"minecraft:total_world_time":120691,"minecraft:fall_one_cm":56814},"minecraft:killed_by":{"minecraft:creeper":1,"minecraft:iron_golem":1},"minecraft:killed":{"minecraft:pig":3,"minecraft:spider":1,"minecraft:iron_golem":1,"minecraft:bat":1,"minecraft:skeleton":6,"minecraft:sheep":5,"minecraft:zombie":5,"minecraft:chicken":7,"minecraft:silverfish":1,"minecraft:cow":4},"minecraft:crafted":{"minecraft:oak_planks":68,"vanillaplustools:stone_hammer":1,"minecraft:cooked_porkchop":10,"minecraft:crafting_table":2,"minecraft:spruce_planks":68,"minecraft:cooked_chicken":1,"minecraft:iron_helmet":1,"minecraft:wooden_pickaxe":1,"minecraft:furnace":1,"minecraft:oak_wood":15,"extraarmor:spruce_wood_chestplate":1,"minecraft:stone_axe":1,"minecraft:cooked_mutton":5,"minecraft:air":0,"minecraft:iron_boots":1,"minecraft:iron_chestplate":1,"minecraft:stick":32,"minecraft:iron_ingot":99,"minecraft:iron_pickaxe":1,"minecraft:stone_pickaxe":10,"minecraft:wooden_axe":1,"minecraft:stone_sword":1,"minecraft:iron_leggings":1,"minecraft:white_bed":1,"minecraft:spruce_boat":1,"minecraft:torch":52},"minecraft:mined":{"minecraft:white_bed":7,"minecraft:crafting_table":6,"minecraft:torch":5,"minecraft:granite":30,"minecraft:blast_furnace":4,"minecraft:grass_block":4,"minecraft:copper_ore":20,"minecraft:tall_grass":2,"minecraft:cobblestone":5,"minecraft:diorite":20,"minecraft:sandstone":1,"minecraft:wall_torch":2,"minecraft:furnace":2,"minecraft:iron_ore":140,"minecraft:spruce_log":17,"minecraft:andesite":48,"minecraft:yellow_bed":1,"minecraft:grass":18,"minecraft:oak_log":2,"minecraft:coal_ore":196,"minecraft:oak_fence_gate":1,"minecraft:gravel":6,"minecraft:dirt":5,"minecraft:stone":697,"minecraft:infested_stone":1,"minecraft:fern":1},"minecraft:used":{"minecraft:cooked_mutton":5,"minecraft:diorite":8,"minecraft:stone_sword":121,"minecraft:stone_pickaxe":117,"minecraft:wooden_pickaxe":4,"vanillaplustools:stone_hammer":128,"minecraft:cooked_chicken":1,"minecraft:torch":60,"minecraft:dirt":7,"minecraft:crafting_table":6,"minecraft:blast_furnace":2,"minecraft:white_bed":8,"minecraft:spruce_log":16,"minecraft:wooden_axe":5,"minecraft:spruce_boat":1,"minecraft:iron_pickaxe":148,"minecraft:gravel":4,"minecraft:stone_axe":37,"minecraft:cobblestone":92,"minecraft:bow":1,"minecraft:furnace":3,"minecraft:cooked_porkchop":13,"minecraft:yellow_bed":1,"minecraft:oak_boat":1,"minecraft:egg":3,"minecraft:cooked_beef":1},"minecraft:dropped":{"minecraft:crafting_table":1,"minecraft:rotten_flesh":2,"minecraft:oak_planks":64,"minecraft:leather":4,"minecraft:wooden_axe":1,"minecraft:oak_sapling":9,"minecraft:wooden_pickaxe":1,"minecraft:dandelion":2}},"DataVersion":2730}