{"stats":{"minecraft:custom":{"minecraft:interact_with_furnace":20,"minecraft:mob_kills":4,"minecraft:interact_with_crafting_table":20,"minecraft:leave_game":1,"minecraft:time_since_death":28049,"minecraft:climb_one_cm":114,"minecraft:time_since_rest":28049,"minecraft:sprint_one_cm":40546,"minecraft:damage_taken":275,"minecraft:walk_one_cm":59135,"minecraft:drop":13,"minecraft:damage_dealt":499,"minecraft:swim_one_cm":2090,"minecraft:fly_one_cm":39886,"minecraft:open_chest":8,"minecraft:crouch_one_cm":787,"minecraft:play_time":28049,"minecraft:sneak_time":1007,"minecraft:walk_under_water_one_cm":2147,"minecraft:jump":454,"minecraft:walk_on_water_one_cm":14598,"minecraft:total_world_time":28049,"minecraft:fall_one_cm":12667},"minecraft:picked_up":{"minecraft:crafting_table":3,"minecraft:andesite":40,"minecraft:leather":1,"minecraft:flint":2,"minecraft:oak_log":22,"minecraft:dirt":2,"minecraft:raw_copper":41,"minecraft:stick":11,"minecraft:raw_iron":53,"minecraft:torch":4,"minecraft:gravel":4,"minecraft:diorite":16,"minecraft:spruce_log":17,"minecraft:arrow":4,"minecraft:rotten_flesh":2,"minecraft:granite":23,"minecraft:oak_sapling":16,"minecraft:coal":155,"minecraft:cobblestone":597},"minecraft:crafted":{"minecraft:oak_planks":68,"vanillaplustools:stone_hammer":1,"minecraft:cooked_porkchop":4,"minecraft:crafting_table":1,"minecraft:spruce_planks":68,"minecraft:wooden_pickaxe":1,"minecraft:iron_helmet":1,"minecraft:furnace":1,"minecraft:oak_wood":15,"minecraft:stone_axe":1,"minecraft:air":0,"minecraft:iron_chestplate":1,"minecraft:iron_boots":1,"minecraft:stick":32,"minecraft:iron_ingot":24,"minecraft:stone_pickaxe":10,"minecraft:wooden_axe":1,"minecraft:stone_sword":1,"minecraft:iron_leggings":1,"minecraft:torch":52},"minecraft:used":{"minecraft:diorite":8,"minecraft:stone_sword":12,"minecraft:stone_pickaxe":117,"minecraft:wooden_pickaxe":4,"vanillaplustools:stone_hammer":112,"minecraft:torch":49,"minecraft:dirt":2,"minecraft:crafting_table":4,"minecraft:spruce_log":16,"minecraft:wooden_axe":5,"minecraft:gravel":4,"minecraft:stone_axe":4,"minecraft:cobblestone":32,"minecraft:furnace":1,"minecraft:cooked_porkchop":4},"minecraft:mined":{"minecraft:crafting_table":3,"minecraft:granite":23,"minecraft:copper_ore":16,"minecraft:cobblestone":3,"minecraft:diorite":16,"minecraft:wall_torch":1,"minecraft:iron_ore":58,"minecraft:spruce_log":17,"minecraft:andesite":48,"minecraft:grass":1,"minecraft:coal_ore":160,"minecraft:oak_log":2,"minecraft:gravel":6,"minecraft:dirt":2,"minecraft:stone":582,"minecraft:infested_stone":1},"minecraft:dropped":{"minecraft:rotten_flesh":2,"minecraft:wooden_axe":1,"minecraft:oak_sapling":9,"minecraft:wooden_pickaxe":1},"minecraft:killed":{"minecraft:skeleton":1,"minecraft:zombie":1,"minecraft:silverfish":1,"minecraft:cow":1}},"DataVersion":2730}