{"stats":{"minecraft:picked_up":{"minecraft:wooden_axe":1,"minecraft:crafting_table":1,"minecraft:stick":2,"minecraft:azure_bluet":1,"minecraft:oak_log":18,"minecraft:diorite":1,"minecraft:white_bed":2,"minecraft:dirt":19,"minecraft:arrow":1,"minecraft:rotten_flesh":3,"minecraft:wheat_seeds":1,"minecraft:oak_sapling":3,"minecraft:coal":4,"minecraft:cobblestone":35},"minecraft:custom":{"minecraft:time_since_rest":208,"minecraft:sprint_one_cm":17336,"minecraft:damage_taken":973,"minecraft:walk_one_cm":52282,"minecraft:mob_kills":3,"minecraft:drop":2,"minecraft:damage_dealt":361,"minecraft:interact_with_crafting_table":5,"minecraft:fly_one_cm":5886,"minecraft:open_chest":2,"minecraft:play_time":20358,"minecraft:deaths":2,"minecraft:sneak_time":12,"minecraft:jump":269,"minecraft:leave_game":1,"minecraft:time_since_death":3143,"minecraft:sleep_in_bed":1,"minecraft:climb_one_cm":50,"minecraft:total_world_time":20358,"minecraft:fall_one_cm":9464},"minecraft:killed_by":{"minecraft:player":1},"minecraft:crafted":{"minecraft:oak_planks":72,"minecraft:crafting_table":2,"minecraft:stick":8,"minecraft:wooden_pickaxe":1,"minecraft:stone_pickaxe":1,"minecraft:wooden_axe":1,"minecraft:furnace":1,"minecraft:torch":12},"minecraft:killed":{"minecraft:skeleton":1,"minecraft:zombie":2},"minecraft:mined":{"minecraft:white_bed":2,"minecraft:crafting_table":1,"minecraft:grass":2,"minecraft:grass_block":8,"minecraft:oak_log":25,"minecraft:coal_ore":4,"minecraft:dirt":9,"minecraft:stone":35,"minecraft:diorite":1,"minecraft:oak_leaves":8},"minecraft:used":{"minecraft:oak_log":21,"minecraft:wooden_axe":20,"minecraft:stone_pickaxe":5,"minecraft:wooden_pickaxe":35,"simpletomb:grave_key":15,"minecraft:dirt":17,"minecraft:crafting_table":3,"minecraft:white_bed":2},"minecraft:dropped":{"minecraft:dirt":1,"minecraft:wooden_axe":1}},"DataVersion":2730}