{"stats":{"minecraft:mined":{"minecraft:crafting_table":1,"minecraft:grass":1,"minecraft:coal_ore":4,"minecraft:grass_block":7,"minecraft:oak_log":25,"minecraft:dirt":9,"minecraft:stone":35,"minecraft:diorite":1,"minecraft:oak_leaves":8},"minecraft:crafted":{"minecraft:oak_planks":72,"minecraft:crafting_table":2,"minecraft:stick":8,"minecraft:wooden_pickaxe":1,"minecraft:stone_pickaxe":1,"minecraft:wooden_axe":1,"minecraft:furnace":1,"minecraft:torch":12},"minecraft:used":{"minecraft:oak_log":21,"minecraft:wooden_axe":20,"minecraft:stone_pickaxe":5,"minecraft:wooden_pickaxe":35,"simpletomb:grave_key":13,"minecraft:dirt":15,"minecraft:crafting_table":3},"minecraft:picked_up":{"minecraft:wooden_axe":1,"minecraft:crafting_table":1,"minecraft:stick":2,"minecraft:oak_log":18,"minecraft:diorite":1,"minecraft:dirt":17,"minecraft:arrow":1,"minecraft:rotten_flesh":3,"minecraft:wheat_seeds":1,"minecraft:oak_sapling":3,"minecraft:coal":4,"minecraft:cobblestone":35},"minecraft:custom":{"minecraft:time_since_rest":2153,"minecraft:sprint_one_cm":7105,"minecraft:damage_taken":525,"minecraft:walk_one_cm":29789,"minecraft:mob_kills":3,"minecraft:drop":2,"minecraft:damage_dealt":361,"minecraft:interact_with_crafting_table":5,"minecraft:fly_one_cm":2635,"minecraft:play_time":15326,"minecraft:deaths":1,"minecraft:sneak_time":12,"minecraft:jump":166,"minecraft:leave_game":1,"minecraft:time_since_death":2102,"minecraft:climb_one_cm":50,"minecraft:total_world_time":15326,"minecraft:fall_one_cm":6196},"minecraft:killed":{"minecraft:skeleton":1,"minecraft:zombie":2},"minecraft:dropped":{"minecraft:dirt":1,"minecraft:wooden_axe":1}},"DataVersion":2730}