{"stats":{"minecraft:picked_up":{"minecraft:wooden_axe":1,"minecraft:birch_log":4,"minecraft:crafting_table":2,"minecraft:stick":5,"minecraft:magma_block":2,"minecraft:azure_bluet":1,"minecraft:basalt":18,"minecraft:dandelion":1,"minecraft:oak_log":18,"minecraft:diorite":1,"minecraft:white_bed":2,"minecraft:dirt":25,"minecraft:arrow":1,"minecraft:rotten_flesh":3,"minecraft:wheat_seeds":1,"minecraft:iron_ingot":3,"minecraft:poppy":1,"minecraft:oak_sapling":3,"minecraft:netherrack":5,"minecraft:birch_sapling":2,"minecraft:oak_planks":1,"minecraft:coal":13,"minecraft:cobblestone":35},"minecraft:custom":{"minecraft:time_since_rest":2119,"minecraft:damage_taken":4459,"minecraft:sprint_one_cm":66348,"minecraft:walk_one_cm":103841,"minecraft:mob_kills":4,"minecraft:drop":2,"minecraft:damage_dealt":1795,"minecraft:interact_with_crafting_table":6,"minecraft:fly_one_cm":34447,"minecraft:player_kills":4,"minecraft:open_chest":2,"minecraft:play_time":44650,"minecraft:deaths":17,"minecraft:sneak_time":39,"minecraft:walk_under_water_one_cm":135,"minecraft:jump":642,"minecraft:leave_game":3,"minecraft:time_since_death":2069,"minecraft:walk_on_water_one_cm":768,"minecraft:total_world_time":44650,"minecraft:sleep_in_bed":1,"minecraft:climb_one_cm":70,"minecraft:fall_one_cm":21023},"minecraft:killed_by":{"minecraft:player":11},"minecraft:crafted":{"minecraft:oak_planks":72,"minecraft:diamond_axe":1,"minecraft:crafting_table":3,"minecraft:stick":8,"minecraft:wooden_pickaxe":1,"minecraft:stone_pickaxe":1,"minecraft:wooden_axe":1,"minecraft:furnace":1,"minecraft:birch_planks":16,"minecraft:torch":12},"minecraft:killed":{"minecraft:skeleton":1,"minecraft:zombie":2,"minecraft:iron_golem":1},"minecraft:mined":{"minecraft:white_bed":2,"minecraft:birch_log":7,"minecraft:basalt":5,"minecraft:dandelion":1,"minecraft:crafting_table":2,"minecraft:grass":3,"minecraft:grass_block":8,"minecraft:oak_log":25,"minecraft:coal_ore":4,"bno:nethercoal_ore":8,"minecraft:dirt":14,"minecraft:cobblestone":1,"minecraft:stone":35,"minecraft:netherrack":2,"minecraft:oak_planks":1,"minecraft:diorite":1,"minecraft:oak_leaves":8},"minecraft:used":{"minecraft:oak_log":21,"minecraft:stone_pickaxe":35,"minecraft:wooden_pickaxe":35,"minecraft:diamond_axe":45,"minecraft:rotten_flesh":2,"minecraft:netherrack":4,"simpletomb:grave_key":45,"minecraft:dirt":20,"minecraft:crafting_table":4,"minecraft:oak_sapling":1,"minecraft:birch_log":7,"minecraft:white_bed":2,"minecraft:wooden_axe":21},"minecraft:dropped":{"minecraft:dirt":1,"minecraft:wooden_axe":1}},"DataVersion":2730}