{"stats":{"minecraft:picked_up":{"minecraft:wooden_axe":1,"minecraft:birch_log":4,"minecraft:magma_block":2,"minecraft:crafting_table":2,"minecraft:azure_bluet":1,"minecraft:basalt":18,"minecraft:oak_log":18,"minecraft:dirt":26,"minecraft:kelp":14,"minecraft:wheat_seeds":1,"minecraft:iron_ingot":3,"minecraft:poppy":1,"minecraft:birch_sapling":2,"minecraft:oak_planks":1,"minecraft:egg":1,"minecraft:stick":5,"minecraft:dandelion":1,"minecraft:diorite":1,"minecraft:white_bed":2,"minecraft:arrow":1,"minecraft:rotten_flesh":3,"minecraft:diamond_axe":1,"minecraft:oak_sapling":3,"minecraft:netherrack":5,"minecraft:coal":13,"minecraft:cobblestone":37},"minecraft:custom":{"minecraft:mob_kills":4,"minecraft:interact_with_crafting_table":6,"minecraft:leave_game":4,"minecraft:time_since_death":1677,"minecraft:sleep_in_bed":1,"minecraft:climb_one_cm":1167,"minecraft:time_since_rest":1702,"minecraft:sprint_one_cm":110962,"minecraft:damage_taken":5750,"minecraft:walk_one_cm":124859,"minecraft:drop":4,"minecraft:damage_dealt":2029,"minecraft:swim_one_cm":24561,"minecraft:fly_one_cm":53282,"minecraft:player_kills":5,"minecraft:open_chest":5,"minecraft:crouch_one_cm":1,"minecraft:play_time":55473,"minecraft:deaths":20,"minecraft:sneak_time":64,"minecraft:walk_under_water_one_cm":2365,"minecraft:jump":862,"minecraft:walk_on_water_one_cm":16907,"minecraft:total_world_time":55473,"minecraft:fall_one_cm":25471},"minecraft:killed_by":{"minecraft:player":14},"minecraft:killed":{"minecraft:iron_golem":1,"minecraft:skeleton":1,"minecraft:zombie":2},"minecraft:crafted":{"minecraft:oak_planks":72,"minecraft:diamond_axe":1,"minecraft:crafting_table":3,"minecraft:wooden_pickaxe":1,"minecraft:furnace":1,"minecraft:birch_planks":16,"minecraft:stick":8,"minecraft:stone_pickaxe":1,"minecraft:wooden_axe":1,"minecraft:torch":12},"minecraft:used":{"minecraft:stone_pickaxe":35,"minecraft:wooden_pickaxe":35,"minecraft:diamond_axe":50,"minecraft:rotten_flesh":2,"minecraft:netherrack":4,"simpletomb:grave_key":68,"minecraft:dirt":20,"minecraft:crafting_table":4,"minecraft:white_bed":2,"minecraft:oak_log":21,"minecraft:wooden_axe":21,"minecraft:oak_sapling":1,"minecraft:birch_log":7,"minecraft:egg":1,"minecraft:kelp":1},"minecraft:mined":{"minecraft:white_bed":2,"minecraft:kelp_plant":21,"minecraft:basalt":5,"minecraft:dandelion":1,"minecraft:crafting_table":2,"minecraft:grass_block":8,"minecraft:cobblestone":1,"minecraft:oak_planks":1,"minecraft:diorite":1,"minecraft:birch_log":7,"minecraft:grass":3,"minecraft:coal_ore":4,"minecraft:oak_log":25,"bno:nethercoal_ore":8,"minecraft:dirt":14,"minecraft:stone":35,"minecraft:netherrack":2,"minecraft:oak_leaves":8},"minecraft:dropped":{"minecraft:diamond_axe":1,"simpletomb:grave_key":1,"minecraft:dirt":1,"minecraft:wooden_axe":1}},"DataVersion":2730}